college_code,college_name,city,website
05595,A L D ARTS COMMERCE AND SCIENCE COLLEGE,Nashik,http://www.vnnaikcollege.com
16231,A. R.BURLA MAHILA VARISHTHA MAHAVIDYALAYA,Solapur,http://arburla.org/
16271,AAER'S ASIAN COLLEGE OF SCIENCE AND COMMERCE,Pune,https://www.asianacademypune.ac.in/
05646,AAISHEB MALTIBAI CHITRAKATHI BCA COLLEGE,Nandurbar,Unknown
04720,"AAKAR COLLEGE OF MANAGEMENT FOR WOMEN, HINGNA",Nagpur,http://acmw.net.in/
04737,"AAKAR INSTITUTE OF MANAGEMENT AND RESEARCH STUDIES, NAGPUR",Nagpur,http://aimrs.net.in/
02733,AASAWA BROTHERS BUSINESS SCHOOL ARTS SCIENCE COMMERCE,Chhatrapati Sambhajinagar,https://www.aasawabrothers.com/
16187,ABASAHEB GARWARE COLLEGE,Pune,http://garwarecollege.mespune.in/
06785,"Abasaheb Garware Institute of Management Studies (For Women), Sangli",Sangli,http://agims.org.in/
05320,"Abhinav Education Society's Institute of Management & Business Administration, Akole",Ahmednagar,http://www.abhinavimba.com/
06170,"Abhinav Education Society's Institute of Management and Research, Haveli, Pune",Pune,http://aesimr.org/
03689,ACHIEVERS INSTITUTE OF MANAGEMENT & ENTREPRENEURSHIP,Kalyan,http://www.achieversorbit.org/
01331,ADARSH COLLEGE OF COMPUTER AND MANAGMENT,Akola,Unknown
16134,ADARSH COLLEGE VITA,Sangli,http://acvita.edu.in/
02682,ADARSH EDUCATION SOCIETY'S ARTS COMMERCE AND SCIENCE COLLEGE HINGOLI,Hingoli,http://adarshcollege208.ac.in/
02108,"Adarsh Shikshan Prasarak Mandal's K.T. Patil College of MBA, Osmanabad",Osmanabad,http://www.aspm.edu.in/mba
01329,ADARSHA SCIENCE JAIRAMDAS BHAGCHAND ARTS AND BIRLA COMMERCE MAHAVIDYALAYA DHAMANGAON,Amravati,Unknown
02104,"Aditya College of MBA, Beed",Beed,http://adityambacollege.com/
02136,"Aditya Engineering College , Beed",Beed,http://adityacollegeedu.in/
02793,Aditya Insitute of BCA BBA and BMS,Beed,Unknown
03438,"Aditya Institute of Management Studies & Research, Borivali",Mumbai,http://www.aimsr.edu.in/
06197,Aditya Institute of Management- AIMS,Pune,http://www.adityainstitute.net/
05607,ADSUL COMPUTER AND MANAGEMENT INSTITUTE,Ahmednagar,Unknown
05380,"Adsul's Technical Campus, Chas Dist. Ahmednagar",Ahmednagar,http://adsulstechnicalcampus.com/
02699,ADVANCED COMPUTER COLLEGE,Osmanabad,http://www.advancedcomputercollege.com/
03116,"Agnel Charities Agnel Seva Sangha's Fr. C. Rodrigues Inst. of Management. Studies, Vashi, Navi Mumbai",Navi Mumbai,http://www.fcrims.com/
05606,AHMEDNAGAR JILHA MARATHA VIDYA PRASARAK SAMAJ RAJARSHI SHAHU MAHAVIDYALAYA,Ahmednagar,Unknown
06773,"Akemi Business School, Mulsi, Pune.",Pune,http://akemi.edu.in/
05566,AKOLE TALUKA EDUCATION SOCIETY'S AGASTI ARTS COMMERCE AND DADASAHEB RUPWATE SCIENCE COLLEGE AKOLE,Ahmednagar,http://www.agasticollege.com/
05385,"Akole Taluka Education Society,s Agasti Institute of Management, Computer Application & Research, Akole, Ahmednagar",Ahmednagar,http://atestc.edu.in/
06183,"Al-Ameen Educational and Medical Foundation, College of Engineering, Koregaon, Bhima",Pune,http://www.alameencoe.org
06135,"Alard Institute of Management Sciences, Pune",Pune,http://alardinstituteofmanagement.com/
03218,"Aldel Education Trust's St. John College of Engineering & Management, Vevoor, Palghar",Palghar,http://sjcem.edu.in/
03003,"Alkesh Dinesh Modi Institute for Financial & Management Studies, Mumbai",Mumbai,http://admi.mu.ac.in
16255,ALL INDIA SHRI SHIVAJI MEMORIAL SOCIETY'S COLLEGE OF BUSINESS ADMINISTRATION,Pune,http://aissmsiom.org/
06118,"All India Shri Shivaji Memorial Society's Institute of Management, Pune",Pune,http://aissmsiom.org/
04124,"Amar Seva Mandal's Kamla Nehru Mahavidyalaya, Nagpur",Nagpur,http://www.kamanehrucollege.ac.in/
04135,"Amar Seva Mandal's Shree Govindrao Vanjari College of Engineering & Technology, Nagpur",Nagpur,http://www.gwcet.ac.in/
05324,"Amrutvahini Institute of Management & Business Administration, Sangamner",Sangamner,http://amrutimba.org/
05162,"Amrutvahini Sheti & Shikshan Vikas Sanstha's Amrutvahini College of Engineering, Sangamner",Sangamner,http://www.avcoe.org/
16167,ANANTRAO PAWAR COLLEGE,Pune,http://www.apcpirangut.com/
06794,"Anantrao Pawar College of Engineering & Research, Pune",Pune,http://abmspcoerpune.org/
06731,"Anekant Institute of Management Studies, Baramati",Baramati,http://www.aimsbaramati.org/
03569,ANJUMAN I ISLAM'S AKBAR PEERBHOY COLLEGE OF COMMERCE AND ECONOMICS,Mumbai,http://www.apcollege.in/
03115,"Anjuman-I-Islam's Allana Institute of Management Studies, Mumbai",Mumbai,http://www.aiaims.edu.in/
04116,"Ankush Shikshan Sanstha's G.H.Raisoni College of Engineering, Nagpur",Nagpur,http://ghrce.raisoni.net/
16132,ANNASAHEB AWATE ARTS COMMERCE AND HUTATMA BABU GENU SCIENCE COLLEGE,Pune,http://www.aacmanchar.edu.in/
06283,"Annasaheb Dange College of Engineering and Technology, Ashta, Sangli",Sangli,http://www.adcet.ac.in/
06994,"Arham Management Institute, Manjri Budruk",Pune,http://www.arhaminstitute.org/
16282,"ARIHANT COLLEGE OF ARTS COMMERCE AND SCIENCE ,BAVDHAN BK",Pune,http://arihantcollege-bwd.ac.in/
16284,"ARIHANT COLLEGE OF ARTS COMMERCE AND SCIENCE ,CAMP PUNE",Pune,http://arihantcollege.ac.in/
06626,"Arihant Institute Of Business Management, Bawdhan",Pune,http://arihantmbainstitute.ac.in/
"05576,05591",ARTS AND COMMERCE COLLEGE BELAPUR,Ahmednagar,http://www.accollegebelapur.org/
05016,ARTS COMMERCE AND SCIENCE COLLEGE ASHOKNAGAR,Ahmednagar,http://acsashoknagar.com/
05555,ARTS COMMERCE AND SCIENCE COLLEGE DHARANGAON,Jalgaon,http://www.acscdharangaon.in/
16149,ARTS COMMERCE AND SCIENCE COLLEGE KOWAD,Kolhapur,http://acscollegekowad.ac.in/
05586,ARTS COMMERCE AND SCIENCE COLLEGE NANDGAON,Nashik,http://acscnandgaon.ac.in/
16166,ARTS COMMERCE AND SCIENCE COLLEGE PALUS,Sangli,http://www.acscpalus.edu.in/
16205,ARTS COMMERCE AND SCIENCE MAHILA MAHAVIDYALAYA TASGAON,Sangli,Unknown
02672,ARTS SCIENCE AND COMMERCE COLLEGE,Chhatrapati Sambhajinagar,Unknown
16196,"Arts Science and Commerce College Indapur, Taluka Indapur, Dist.Pune",Pune,http://asccindapur.com/
16196,ARTS SCIENCE AND COMMERCE COLLEGE INDPAUR,Pune,http://asccindapur.com/
05398,"Ashoka Business School, Nashik",Nashik,http://ashokabschool.org/
05601,ASHOKA CENTER FOR BUSINESS AND COMPUTER STUDIES,Nashik,http://acbcs.edu.in/
02673,ASHTI TALUKA SHIKSHAN PRASARAK MANDAL'S ADV.B.D. HAMBARDE MAHAVIDYALAYA ASHTI,Beed,Unknown
02669,ASHTI TALUKA SHIKSHAN PRASARAK MANDALS ADV.B.D.HAMABRDE MAHAVIDYALAYA ASHTI,Beed,Unknown
06973,"ASMS Institute of Business Management and Research MCA, Pune",Pune,http://www.asmibmr.org/
03120,"Atharva Educational Trust, Atharva Institute of Management Studies, Mumbai",Mumbai,http://www.atharvaims.edu.in/
04740,"ATLANTA COLLEGE, NAGPUR",Nagpur,http://www.atlanta.org.in/
16308,AUDYOGIK SHIKSHAN MANDAL COLLEGE OF COMMERCE SCIENCE AND INFORMATION TECHNOLOGY,Pune,http://www.csit.edu.in/
06102,"Audyogik Shikshan Mandal's Institute of Business Management & Research MBA Institute, Pune",Pune,http://www.asmibmr.edu.in/
06166,"Audyogik Shikshan Mandal's Institute of Professional Studies, Pimpri Waghere, Pune",Pune,http://www.ips.edu.in/
16355,Audyogik Shikshan Mandal's Nextgen Technical Campus,Pune,Unknown
16236,AUDYOGIK TANTRA SHIKSHAN SANSTHA ATSS COLLEGE OF BUSINESS STUDIES AND COMPUTER APPLICATION,Pune,http://atsscollege.edu.in/
06925,"Aureole School of Business Management, Pune",Pune,http://asbmpune.com/
16180,B D KALE MAHAVIDYALAYA,Pune,http://bdkalecollege.in/
03580,B K BIRALA COLLEDGE KALAYAN,Kalyan,http://www.bkbck.edu.in/
05111,"B. P. Hivale Education Society's Institute of Management Studies Career Development Research, Ahmednagar",Ahmednagar,http://www.imscdr.in/
16184,B. P. SULAKHE COMMERCE COLLEGE BARSHI,Solapur,http://www.bpsccbarshi.org
03615,BAKLIWAL FOUNDATION,Navi Mumbai,http://bfc.ac.in/
16285,BALAJI COLLEGE OF ARTS COMMERCE AND SCIENCE,Pune,http://bcacspune.edu.in/
16212,BALASAHEB DESAI COLLEGE PATAN,Satara,Unknown
16251,BALWANT COLLEGE VITA,Sangli,http://balwantcollege.edu.in/
04118,"Bapurao Deshmukh College of Engineering, Sevagram",Wardha,http://www.bdce.edu.in/
05612,BCA COLLEGE BHANSHIWARE,Ahmednagar,Unknown
06781,"Bhagwant Institute of Technology, Barshi",Solapur,http://www.bitbarshi.edu.in/
04715,"BHALERAO SCIENCE COLLEGE, SAONER",Nagpur,http://bscsaoner.in/
01330,BHARAT RATNA DR APJ ABDUL KALAM COLLEGE RAHATGAON AMRAVATI,Amravati,http://apjkalamgc.ac.in/
16325,BHARAT SHIKSHAN PRASARAK MANDAL JAIKRANTI COLLEGE OF COMPUTER SCIENCE AND MANAGEMENT STUDIES,Pune,http://www.jaikranticollege.com/
16193,BHARATIYA JAIN SANGHATANAS ARTS SCIENCE AND COMMERCE COLLEGE,Pune,http://bjscollege.bjs.edu.in/
03549,BHARATIYA VIDYA BHAVANS M M COLLEGE OF ARTS,Mumbai,http://bhavans.ac.in/
03162,"Bharti Vidyapeeth's Institute of Management & Information Technology, Navi Mumbai",Navi Mumbai,http://www.bvimsr.com/
03101,"Bharti Vidyapeeth's Institute of Management Studies & Research, Navi Mumbai",Navi Mumbai,http://www.bvimsr.com/
03215,"Bhartiya Vidya Bhavan's Sardar Patel Institute of Technology , Andheri, Mumbai",Mumbai,http://www.spit.ac.in/
03647,BHASKAR WAMAN THAKUR COLLEGE OF SCIENCE,Virar,http://vivacollege.org/
05580,BHONSALA MILITARY COLLEGE,Nashik,http://bmc.bhonsala.in/
05550,BHUSAWAL ARTS SCIENCE AND P O NAHATA COMMERCE COLLEGE BHUSAWAL,Jalgaon,http://basponccollege.org/
02702,BILL GATES INSTITUTE OF COMPUTER SCIENCE AND MANAGEMENT,Osmanabad,http://billgatescollege.in/
02811,BLD Institute of Management,Pune,Unknown
03134,"Bombay St. Xavier College Soc.'s Xavier Institute of Management & Research, Mumbai",Mumbai,http://www.ximr.ac.in/
05130,"Brahma Valley College of Engineering & Research, Trimbakeshwar, Nashik",Nashik,http://brahmavalley.edu.in/
16159,BRIHAN MAHARASHTRA COLLEGE OF COMMERCE,Pune,http://bmcc.ac.in/
01327,BRIJLAL BIYANI SCIENCE COLLEGE,Amravati,http://bbscamt.com/
03631,BUNTS SANGHA MUMBAI ANNA LEELA COLLEGE OF COMMERCE AND ECONOMICS,Mumbai,http://alsj.bunts.edu.in/
03661,"BUNTS SANGHA'S S M SHETTY COLLEGE OF SCIENCE, COMMERCE AND MANAGEMENT STUDIES",Mumbai,http://www.buntssanghamumbai.com/
16157,C B KHEDGIS BASWESHWAR SCIENCE RAJA VIJAYSINH COMMERCE AND RAJA JAYSINH ARTS COLLEGE AKKALKOT,Solapur,http://khedgiscollege.org/
05119,"C.H.M.E. Society's Dr. Moonje Institute for Management & Computer Studies, Nashik",Nashik,http://moonjeinstitute.com/
05131,"C.H.M.E. Society's Dr. Moonje Institute of Management & Information Technology, Nashik",Nashik,http://moonjeinstitute.com/
06627,"Camp Education Society's Rasiklal M Dhariwal Institute of Management, Nigdi, Pune",Pune,http://www.campmba.com/
03657,CHANDRABHAN SHARMA COLLEGE OF ARTS COMMERCE AND SCIENCE,Mumbai,http://cscollege.co.in/
02724,CHATRAPATI SAMBHJI MAHARAJ COLLEGE MAHUR,Nanded,Unknown
16221,CHAUDHARI ATTARSING YADAV MEMORIAL EDUCATION TRUST'S SIDDHANT COLLEGE OF MANAGEMENT STUDIES,Pune,http://www.siddhantgroup.edu.in
03102,"Chetana's Ramprasad Khandelwal Institute of Management & Research, Mumbai",Mumbai,http://www.crkimr.in/
03562,CHETANAS HAZARIMAL SOMANI COLLEGE OF COMMERCE AND ECONOMICS BANDRA EAST,Mumbai,http://www.chetanacollege.in/
06213,"Chh. Shahu Institute Of Business Edu And Res Vasantraodada Patil Institute Of Management Studies & Research, Sangli",Sangli,Unknown
06899,"Chhatrapati Shahu Institute of Business Education & Research, Kolhapur",Kolhapur,Unknown
16293,CHRIST COLLEGE PUNE,Pune,https://christcollegepune.edu.in/
04661,"City Premier College Of Management, Nagpur",Nagpur,http://www.cpcnagpur.com/
04739,"CITY PREMIER COLLEGE, NAGPUR",Nagpur,http://www.cpcnagpur.com/
04738,"CITY PRIDE COLLEGE, NAGPUR",Nagpur,https://citypride.co
16006,COEP Technological University,Pune,http://www.coeptech.ac.in/
16253,SVPM's College of Commerce Science and Computer Education,Baramati,http://ccsce.svpm.org.in/
02692,COLLEGE OF COMPUTER SCIENCE AND INFORMATION TECHNOLOGY,Latur,http://cocsit.org.in/
16275,COLLEGE OF COMPUTER SCIENCES,Pune,http://www.ccspune.in/
01325,COLLEGE OF MANAGEMENT,Navi Mumbai,http://www.gahlotmgmtinst.co.in
05619,COMMERCE MANAGEMENT AND COMPUTER SCIENCE COLLEGE,Nashik,http://www.cmcsnashik.org/
16154,D P BHOSALE COLLEGE KOREGAON,Satara,http://dpbck.ac.in/
16152,D R MANE MAHAVIDYALAYA KAGAL,Kolhapur,http://drmanecollege.edu.in/
16296,D. A. V. VELANKAR COLLEGE OF COMMERCE SOLAPUR,Solapur,http://www.davcommercesolapur.org/
02520,"D. B. Institute Of Management & Research, Mouza-Mahalngra,Ta.Chakur,Dist.Latur",Latur,http://www.dbimrlatur.org/
03635,D.G.RUPAREL COLLEGE OF ARTS SCIENCE AND COMMERCE,Mumbai,http://www.ruparel.edu/
06780,"D.Y.Patil Education Society's,D.Y.Patil Technical Campus, Talsande,Kolhapur.",Kolhapur,http://dypatilunikop.org/
04711,"DADA RAMCHAND BAKHRU SINDHU MAHAVIDYALAYA, NAGPUR",Nagpur,http://drbsmvnagpur.ac.in/
05556,DADASAHEB DR.SURESH G.PATIL COLLEGE CHOPDA,Jalgaon,http://mgsmasc.ac.in/
16141,DAHIWADI COLLEGE DAHIWADI,Satara,http://www.dahiwadicollege.in/
04109,"Datta Meghe Institute of Management Studies, Nagpur",Nagpur,http://dmims.edu.in/
16203,DATTAJIRAO KADAM ARTS SCIENCE AND COMMERCE COLLEGE ICHALKARANJI,Kolhapur,http://www.dkasc.ac.in/
06222,Dattajirao Kadam Technical Education Society's Textile & Engineering Institute,Kolhapur,http://www.dkte.ac.in/
06628,"Dattakala Group Of Institutions, Swami - Chincholi Tal. Daund Dist. Pune",Pune,http://dgoi.dattakala.edu.in/
02667,DAYANAND COLLEGE OF COMMERCE LATUR,Latur,http://dcomm.org/
06208,Deccan Education Society's Chintamanrao Institute of Management Development & Research,Sangli,http://www.cimdr.ac.in/
03173,Deccan Education Society's Navinchandra Mehta Institute of Technology & Development,Mumbai,http://nmitd.edu.in/
16139,DECCAN EDUCATION SOCIETYS CHINTAMANRAO COLLEGE OF COMMERCE,Sangli,http://www.cccs.ac.in/
16360,Delight Management Studies and Research Institute,Pune,Unknown
02664,"Deogiri College, Chh. Sambhaji Nagar",Chhatrapati Sambhajinagar,http://deogiricollege.org/
02114,"Deogiri Institute of Engineering and Management Studies, Aurangabad",Chhatrapati Sambhajinagar,http://www.dietms.org/
02776,Deogiri Instiute of Technology and Management Studies,Chhatrapati Sambhajinagar,http://www.dietms.org/
04114,Department of Business Management C. P. Berar Education Society's College,Nagpur,http://mbacpbc.in/
04001,Department of Business Management Rashtrasant Tukadoji Maharaj Nagpur University,Nagpur,http://www.nagpuruniversity.org/
06002,Department of Commerce & Management Shivaji University,Kolhapur,http://www.unishivaji.ac.in/
05002,Department of Computer Science North Maharashtra University,Jalgaon,http://nmu.ac.in/
06033,Department of Computer Science Savitribai Phule Pune University,Pune,http://www.unipune.ac.in/
04103,Department of Managament Science & Research J.M.Patel College,Bhandara,http://www.jmpatelcollege.org/
06001,Department of Management Sciences PUMBA,Pune,http://pumba.in/
05001,Department of Management Studies North Maharashtra University,Jalgaon,http://nmu.ac.in/
06003,Department of Management Solapur University,Solapur,http://www.sus.ac.in/
03567,DES'S KIRTI M. DOONGURSEE COLLEGE OF ARTS SCIENCE AND COMMERCE,Mumbai,http://kirticollege.edu.in/
16144,DESHBHAKATA SAMBHAJIRAO GARAD MAHAVIDYALAYA,Mohol,http://dsgaradcollegemohol.org/
16229,DESHBHAKT HARINARAYAN BANKATLAL SONI COLLEGE SOLAPUR,Solapur,http://www.dhbsonicollege.com/
16211,DESHBHAKTA RATNAPPA KUMBHAR COLLEGE OF COMMERCE KOLHAPUR,Kolhapur,http://www.drkcollegekolhapur.org/
06209,"Deshbhakta Ratnappa Kumbhar College of Commerce, Kolhapur",Kolhapur,http://www.drkcollegekolhapur.org/
16135,DEVCHAND COLLEGE ARJUNNAGAR,Kolhapur,http://devchandcollege.org/
03655,DEVIPRASAD GOENKA MANAGEMENT COLLEGE OF MEDIA STUDIES,Mumbai,http://dgmc.org.in/
05557,DHANAJI NANA CHAUDHARI VIDYA PRABODHINI SANCHALIT SHIRISH MADHUKARRAO CHAUDHARI COLLEGE JALGAON,Jalgaon,http://dncvp.org/
05546,DHANAJI NANA MAHAVIDYALYA,Faizpur,http://dncvp.org/
16137,DHANANJAYRAO GADGIL COLLEGE OF COMMERCE SATARA,Satara,http://www.dgccsatara.edu.in/
04127,"Dhananjayrao Gadgil Institute of Co operative Management, Nagpur",Nagpur,http://www.dgicmnagpur.in/
02813,Dhaneshwari Institute of Management Studies,Pune,Unknown
04724,DHANWATE NATIONAL COLLEGE NAGPUR,Nagpur,http://dncnagpur.ac.in/
05680,"Dharmaraj Shaikshanik Pratishthans College of Engineering & Management Studies, Walki",Ahmednagar,Unknown
06307,"Dhole Patil Education Society, Dhole Patil College of Engineering, Wagholi, Tal. Haveli",Pune,http://dpcoepune.edu.in/
04706,"DHOTE BANDHU SCIENCE COLLEGE, GONDIA",Gondia,http://www.dbscience.org/
05549,DHULE EDUCATION SOCIETY'S M. D. PALESHA COMMERCE COLLEGE,Dhule,http://mdpaleshacollege.ac.in/
04727,"DIAMOND COLLEGE OF COMMERCE AND SCIENCE, NAGPUR",Nagpur,http://diamondcollegenagpur.com/
06140,Dnyan Kala Krida & Krishi Prathishtan's Maharashtra Institute of Management,Pune,http://www.dkkkp.org/
03607,DNYANKUNJ COLLEGE OF INFORMATION TECHNOLOGY AND MANAGEMENT,Sindhudurg,http://www.dnyankunj.com/
02120,Dnyanopasak Shikshan Mandal's Institute of Information Technology & Management,Parbhani,http://www.dsmiitm.com/
02687,DNYANOPASAK SHIKSHAN MANDALS COLLEGE OF ARTS COMMERCE AND SCIENCE,Parbhani,http://www.dnyanopasak.org.in/
02714,DNYANSADHANA B.C.A. COLLEGE,Parbhani,Unknown
02703,DNYANSADHANA MAHAVIDYALAYA,Parbhani,Unknown
02638,Dnyansadhana Pratishthan Educational Institution,Parbhani,http://dnyansadhana.net.in/
16273,DNYANSAGAR ARTS AND COMMERCE COLLEGE,Pune,http://www.dacc.edu.in/
02740,DR ABDUL KALAM COMPUTER SCIENCE AND INFORMATION TECHNOLOGY,Beed,Unknown
04705,"DR AMBEDKAR COLLEGE, NAGPUR",Nagpur,http://dacn.in/
05551,DR ANNASAHEB G D BENDALE MAHILA MAHAVIDYALAYA JALGAON,Jalgaon,http://www.agdbmmjal.ac.in/
03575,DR BHANUBEN MAHENDRA NANAVATI COLLEGE OF HOME SCIENCE,Mumbai,http://www.dbnm.edu.in/
02732,DR GANGABHAU PATHRIKAR INSTITUTE OF MANAGEMENT AND COMPUTER SCIENCE,Chhatrapati Sambhajinagar,Unknown
16133,DR GHALI COLLEGE GADHINGLAJ,Kolhapur,http://drghalicollege.org/
16214,DR PATANGRAO KADAM MAHAVIDYALYA RAMANANDNAGAR BURLI,Sangli,Unknown
05635,DR S R AJMERA BCA COLLEGE FOR WOMEN,Nandurbar,http://www.srdajmera.com/
05610,DR VARSHA PATIL WOMENS COLLEGE OF COMPUTER APPLICATION,Jalgaon,http://drvarshapatilcollege.org/
04702,"Dr. A.P.J. Abdul Kalam College of Management, Tumsar",Tumsar,http://apjkalamgc.ac.in/
04662,"Dr. Arun Motghare Mahavidyalaya MBA, Kosara- Konda, Bhandara",Bhandara,Unknown
06303,"Dr. Ashok Gujar Technical Institute's Dr. Daulatrao Aher College of Engineering, Karad",Karad,http://www.dahercollege.org/
02001,"Dr. B. A. M.University Dept. Of Management Science, Aurangabad",Chhatrapati Sambhajinagar,Unknown
05386,"Dr. B.V. Hiray College of Management & Research Centre, Malegaon.",Malegaon,http://www.bvhiraycollege.com/
16185,DR. BABASAHEB AMBEDKAR COLLEGE,Mahad (Raigad),http://www.drbcmarathwada.org/
02002,"Dr. Babasaheb Ambedkar Marathwada University, Sub Centre, Osmanabad",Osmanabad,http://bamu.ac.in/
02005,"Dr. Babasaheb Ambedkar Marathwada Vidyapeeth,(Aurangabad) Sub Section - Osmanabad",Osmanabad,Unknown
03033,"Dr. Babasaheb Ambedkar Technological University, Lonere",Lonere,https://www.dbatu.ac.in
06228,"Dr. D. Y. Patil Pratishthan's D.Y.Patil Institute of Master of Computer Applications and Management, Akurdi, Pune",Pune,http://www.dypimca.ac.in/
06189,"Dr. D. Y. Patil School Of Management, Lohegaon,Pune",Pune,http://dypimr.com/
06201,"Dr. D. Y. Patil School Of MCA, Lohegaon,Pune",Pune,http://dypimr.com/
06133,"Dr. D.Y. Patil Pratishthan's Dr. D. Y. Patil Institute of Management Studies, Akurdi, Pune",Pune,http://www.dypims.com/
06991,"Dr. D.Y. Patil Technical Campus, Varale, Talegaon, Pune",Pune,http://dypatil.edu/
06104,"Dr. D.Y. Patil Unitech Society's Dr. D. Y. Patil Institute of Management & Research, Pimpri",Pimpri,http://dypimr.com/
06815,"DR. G.V.SHINGRE VPS COLLEGE OF ENGINEERING AND TECHNOLOGY, LONAVALA",Lonavala,Unknown
06277,"Dr. J. J. Magdum Charitable Trust's Dr. J.J. Magdum College of Engineering, Jaysingpur",Kolhapur,http://www.jjmcoe.ac.in/
16294,DR. P.D. PATIL COLLEGE OF COMPUTER SCIENCE AND MANAGEMENT STUDIES,Solapur,http://drdypatil.org/
04663,"Dr. R. G. Bhoyar Arts, Commerce and Science College, Seloo, Wardha",Wardha,http://www.rgbhoyarcollege.org/
04725,"DR. S.C. GULHANE PRERNA COLLEGE OF COMMERCE SCIENCE AND ARTS, NAGPUR",Nagpur,http://www.prernacollege.edu.in/
16356,Dr. Sudhakar Rao Jadhavar Institute of Management & Technology,Pune,http://www.adityainstitute.net/
16356,Dr. Sudhakarrao Jadhavar Institute of Management & Technology,Pune,http://www.adityainstitute.net/
06836,"Dr.D.Y.Patil Institute Of Management & Entrepreneur Development,Talegaon",Pune,Unknown
16163,DR.GANPATRAO DESHMUKH MAHAVIDYALAYA SANGOLA,Sangola,http://www.gdcollege.org/
01123,"Dr.Rajendra Gode Institute of Technology & Research, Amravati",Amravati,http://www.dritr.org/
04701,"Dr.S.C. Gulhane Prerna College of Management and Technology, Nagpur",Nagpur,http://www.prernacollege.edu.in/
02720,DR.SOW.I.B.P.MAHILA KALA MAHAVIDYALAYA,Chhatrapati Sambhajinagar,Unknown
03593,DTSS COLLEGE OF COMMERCE,Mumbai,http://www.dtsscollege.com/
03350,"Durgadevi Saraf Institute of Management Studies, Malad (W), Mumbai",Mumbai,http://www.dsims.org.in/
01125,"Dwarka Bahu Uddeshiya Gramin Vikas Foundation, Rajarshi Shahu College of Engineering, Buldhana",Buldhana,Unknown
06188,"Eagle Education Society's Unique Institute of Management, Pune",Pune,http://www.uniquemanagement.in/
02812,Eaglewood Management Institute,Beed,Unknown
16365,Educon International College Mhalunge Baner Pune,Pune,http://www.educoncollege.com/
16190,EKNATH SITARAM DIVEKAR COLLEGE VARVAND,Pune,http://esdcollege.org/
03210,"Excelsior Education Society's K.C. College of Engineering and Management Studies and Research, Kopri, Thane (E)",Thane,http://www.kccemsr.edu.in/
02256,"Foster Development School of Management, Aurangabad",Chhatrapati Sambhajinagar,Unknown
16259,FRIENDS UNION FOR ENERGISING LIVES FUEL COLLEGE,Pune,http://www.fuelcollege.org/
16269,G H RAISONI COLLEGE OF ARTS COMMERCE AND SCIENCE,Nagpur,http://ghrcacs.raisoni.net
04735,G H RAISONI COLLEGE OF ARTS COMMERCE AND SCIENCE NAGPUR,Nagpur,http://ghrcacs.raisoni.net
04142,"G H Raisoni College of Engineering & Management, Nagpur",Nagpur,http://ghrce.raisoni.net/
05152,"G H Raisoni College of Engineering and Management, Jalgaon",Jalgaon,http://ghrce.raisoni.net/
16302,G S PATIL COLLEGE OF MANAGEMENT AND BUSINESS STUDIES CHIKHALI,Pune,http://www.jspm.edu.in/
01320,G S SCIENCE ARTS AND COMMERCE COLLEGE KHAMGAON,Khamgaon,http://www.gssciencecollege.org/
04108,"G. S. College of Commerce & Economics, Nagpur",Nagpur,http://www.gscollege.edu.in/
02113,"G. S. Mandal's Maharashtra Institute of Technology, Aurangabad",Chhatrapati Sambhajinagar,http://www.mit.asia/
06155,"G.H.Raisoni College of Engineering & Management, Wagholi, Pune",Pune,http://ghrcem.raisoni.net/
04742,"GANDHIGRAM COLLEGE, WARDHA",Wardha,http://www.gandhigramcollege.org/
16162,GANPATRAO ARWADE COLLEGE OF COMMERCE SANGLI,Sangli,http://www.gacollegesangli.org/
06218,"Gaurishankar Educational & Charitable Trust's Gaurishankar Institute of management Sciences, Limb, Satara",Satara,http://www.gims.ac.in/
01336,GAYADEVI JOSHI ARYABHATTA MAHAVIDYALAYA,Akola,http://www.gjam.org.in/
05577,GDM ARTS KRN COMMERCE AND MD SCIENCE COLLEGE,Jamner,http://www.gdmcollegejamner.org/
16283,GENBA SOPANRAO MOZE ARTS COMMERCE AND SCIENCE BCS COLLEGE,Pune,http://www.gsmozecollege.org/
06144,"Genba Sopanrao Moze College of Engineering, Baner-Balewadi, Pune",Pune,http://www.gsmozecoe.org/
06138,"Genba Sopanrao Moze Trust Parvatibai Genba Moze College of Engineering,Wagholi, Pune",Pune,http://www.gsmozecoe.org/
04105,"GES Department Of Management Technology N.M.D.PG College Of Arts, Commerce, Law & Management, Gondia",Gondia,http://www.gesgondia.org/
03216,"Gharda Foundation's Gharda Institute of Technology,Khed, Ratnagiri",Ratnagiri,http://www.git.edu/
03216,GHARDA INSTITUTE OF TECHNOLOGY & MANAGEMENT,Ratnagiri,http://www.git.edu/
05325,"Global Institute of Management, Velhale Tal. Sangamner Dist. Ahmednagar",Ahmednagar,http://gimanagement.org/
16249,GLOBAL VILLAGE ARTS SCIENCE AND COMMERCE COLLEGE BORAMANI,Solapur,http://gvasc.edu.in/
03360,"GNVS Institute of Management, Sion-Koliwada(E), Mumbai",Mumbai,http://www.gnvsim.edu.in/
02715,GODAVARI COLLEGE OF COMPUTER SCIENCE AND INFORMATION TECHNOLOGY KOLPA LATUR,Latur,http://www.godavari.org/
05102,"Godavari Institute of Management & Research, Jalgaon",Jalgaon,http://www.gimr.org.in/
05648,GOKHALE EDUCATION SOCIETY'S B. Y. K. COLLEGE OF COMMERCE,Nashik,http://www.bykcollege.com/
05114,"Gokhale Education Society's J. D. C. Bytco Institute of Management Studies & Research, Nashik",Nashik,http://www.jdcbytco.org/
05181,"Gokhale Education Society's, R.H. Sapat College of Engineering, Management Studies and Research, Nashik",Nashik,http://www.rhsapat.edu.in/
04024,Gondwana University Department of Management,Gadchiroli,http://www.gondwanauniversity.org/
16213,GOPAL KRISHNA GOKHALE COLLEGE,Kolhapur,http://www.gkgcollegekolhapur.org/
01315,GOPIKABAI SITARAM GAWANDE MAHAVIDYALAYA UMARKHED,Yavatmal,Unknown
16368,Gorakhnath Sasane Institute of Management Studies,Pune,http://www.gsims.org/
02008,"Government College of Engineering, Chhatrapati Sambhajinagar",Chhatrapati Sambhajinagar,http://www.geca.ac.in/
06005,"Government College of Engineering, Karad",Karad,http://www.gcek.ac.in/
04615,"Govindram Seksaria College of Commerce,Wardha",Wardha,http://www.gscc.edu.in/
02710,GOVINDRAO PATIL COLLEGE HADGAON,Nanded,Unknown
02809,Govindrao Patil Paul Mahavidyalaya,Nanded,Unknown
02710,"GOVINDRAO PATIL PAUL POLYTECHNIC AND COMPUTER SCIENE COLLEGE, HADGAON",Nanded,Unknown
02508,GRAMIN TECHNICAL AND MANAGEMENT CAMPUS NANDED.,Nanded,http://www.gtmnanded.org/
16172,GRAMONNATI MANDAL'S ARTS COMMERCE SCIENCE COLLEGE NARAYANGAON,Pune,http://www.gmascn.org/
16227,GREENFINGERS COLLEGE OF COPUTER AND TECHNOLOGY SHANKARNAGAR AKLUJ,Solapur,http://www.greenfingerscollege.org/
05418,"Guru Gobind Singh College of Engineering & Research Centre, Nashik.",Nashik,http://ggscoe.org/
04134,"Guru Nanak Institute of Engineering & Technology,Kalmeshwar, Nagpur",Nagpur,http://www.gniet.ac.in/
03576,GURU NANAK KHALSA COLLEGE OF ARTS SCIENCE AND COMMERCE,Mumbai,http://www.gnkhalsa.edu.in/
03700,GURU NANAK VIDYAK SOCIETY'S GURU NANAK COLLEGE OF ARTS SCIENCE AND COMMERCE (AUTONOMOUS),Mumbai,http://www.gnkhalsa.edu.in/
02741,GURUKUL COLLEGE OF COMPUTER SCIENCE AND INFORMATION TECHNOLOGY,Beed,http://www.gurukulcollege.org/
04196,"Gurunanak Educational Society's Gurunanak Institute of Technology, Nagpur",Nagpur,http://www.gnit.edu.in/
03117,"Gurunanak Institute of Management Studies, Mumbai",Mumbai,http://www.gnims.edu.in/
03153,H.K. Institute of Mangement Studies & Research,Mumbai,http://www.hkimr.edu.in/
01106,"Hari Kishan Jaju Education Sanstha's,College of Management & Computer Science, Yavatmal",Yavatmal,http://www.hkjcollege.org/
16264,HARIBHAI V DESAI COLLEGE OF ARTS SCIENCE AND COMMERCE PUNE,Pune,http://www.hvdcollege.org/
03131,"Hashmatrai and Gangaram Himathmal Mansukhani Institute of Management, Ulhasnagar, Thane",Ulhasnagar,http://www.hgim.edu.in/
05170,"Hindi Seva Mandal's Shri Sant Gadgebaba College of Engineering & Technology, Bhusawal",Bhusawal,http://www.ssgb.edu.in/
03581,HINDI VIDYA PRACHAR SAMITIS RAMNIRANJAN JHUNJHUNWALA COLLEGE OF ARTS SCIENCE AND COMMERCE,Mumbai,http://www.rjcollege.edu.in/
04712,"HISLOP COLLEGE, NAGPUR",Nagpur,http://www.hislopcollege.ac.in/
02704,HITECH COLLEGE OF MANAGEMENT AND COMPUTER SCIENCE,Chhatrapati Sambhajinagar,http://www.hitechcollege.org/
16131,HON SHRI ANNASAHEB DANGE ARTS COMMERCE AND SCIENCE COLLEGE HATKANANGALE,Kolhapur,http://www.hatkanangalecollege.org/
05645,HON. BHAGYALAXMI T BAVISKAR INSTITUTE OF MANAGEMENT RESEARCH AND DEVELOPMENT DAHIWAD SHIRPUR,Shirpur,http://www.hbtbimrd.org/
05303,"Hon. Shri. Babanrao Pachpute Vichardhara Trust, Group of Institutions (Integrated Campus)-Parikrama, Kashti Shrigondha,",Ahmednagar,Unknown
03200,"Hope Foundation and research center's Finolex Academy of Management and Technology, Ratnagiri",Ratnagiri,http://www.famt.ac.in/
05578,"HR Patel Arts and Science College, Shirpur",Shirpur,http://www.hrpatelcollege.org/
03153,"Humera Khan Institute Of Mangement Studies & Reserch, Mumbai",Mumbai,http://www.hkimr.edu.in/
03673,IDEAL COLLEGE OF ARTS COMMERCE AND SCIENCE,Palghar,http://www.idealcollege.org/
06734,"Ideal Institute Of Management, Kondigare, Tal Shirol, Kolhapur",Kolhapur,http://www.iimk.edu.in/
03503,"Indala College Of Engineering, Bapsai Tal.Kalyan",Thane,http://www.indala.edu.in/
16235,INDIRA COLLEGE OF COMMERCE AND SCIENCE,Pune,http://www.indirai.com/
06179,"Indira College of Engineering & Management, Pune",Pune,http://www.indiraicem.ac.in/
06976,Indira Global School of Business,Pune,http://www.indiraigsb.ac.in/
16173,INDRAYANI MAHAVIDYALAYA,Pune,http://www.indrayanicollege.org/
06186,"Indsearch Institute Of Management Studies & Research, Pune",Pune,http://www.indsearch.org/
16374,"Indus Business School, Pune",Pune,http://www.indusbusinessschool.org/
04764,"Insight Institute of Technology & Management, Nagpur",Nagpur,http://www.insightinstitute.org/
16270,INSTITUTE OF COMPUTER AND MANAGEMENT STUDIES,Solapur,http://www.icmsolapur.org/
06154,"Institute of Industrial & Computer Management & Research, Nigdi, Pune",Pune,http://www.iicmr.org/
05608,INSTITUTE OF MANAGEMENT AN RESEARCH JAMNER,Jalgaon,http://www.imrjamner.org/
05321,"Institute of Management and Science, Sakegaon",Sakegaon,Unknown
01321,INSTITUTE OF MANAGEMENT STUDIES MAHAVIDYALAYA WARUD,Warud,http://www.imswarud.org/
06106,"Institute of Science,Poona's Institute of Business Management & Research, Pune",Pune,http://www.ibmr.ac.in/
06608,"Institute of Technical Education, Research and Management, Akurdi",Pune,Unknown
04003,"Inter Institutional Computer Center and Dept. of Computer Science & Electronics, RTM Nagpur University",Nagpur,http://www.nagpuruniversity.org/
02516,International Centre Of Excellence In Engineering and Management (ICEEM),Chhatrapati Sambhajinagar,Unknown
16301,INTERNATIONAL SCHOOL OF MANAGEMENT AND RESEARCH,Pune,http://www.ismr.edu.in/
16204,ISB AND M COLLEGE OF COMMERCE,Pune,http://www.isbm.ac.in/
06622,ISBM College Of Engineering Pune,Pune,http://www.isbm.ac.in/
06615,"ISMS Sankalp Business School, Pune",Pune,http://www.sankalpbusinessschool.org/
06119,ISMS Tirupati Institute of Management,Pune,http://www.tirupatiinstitute.org/
04708,"J M PATEL ARTS COMMERCE AND SCIENCE COLLEGE, BHANDARA",Bhandara,http://www.jmpatelcollege.org/
05124,"Jagadamba Education Soc. Nashik's S.N.D. College of Engineering & Research, Babulgaon",Nashik,http://www.sndcoe.org/
05124,"Jagadamba Education Soc. Nashik's S.N.D. College of Engineering & Reserch, Babulgaon",Nashik,http://www.sndcoe.org/
05600,JAGDAMBA EDUCATION SOCIETY S.N.D. ARTS COMMERCE SCIENCE COLLEGE,Nashik,http://www.sndcollege.org/
03579,JAI HIND COLLEGE AUTONOMOUS,Mumbai,http://www.jaihindcollege.com/
04138,"Jaidev Education Society, J D College of Engineering and Management, Nagpur",Nagpur,http://www.jdcoe.org/
06990,Jaihind Institute of Management and Research,Pune,http://www.jimr.ac.in/
02683,JALNA COLLEGE OF SOCIAL WORK,Jalna,http://www.jcswjalna.org/
03001,"Jamnalal Bajaj Institute of Management Studies, Mumbai",Mumbai,http://www.jbims.edu/
06941,"Janaki Devi Bajaj Institute Of Management Studies And Research, Pune",Pune,http://www.jdbimsr.org/
04747,"JANAPRABHA COLLEGE, RAMTEK",Ramtek,http://www.janaprabhacollege.org/
16189,JANATA SHIKSHAN SANSTHA'S KISAN VEER MAHAVIDYALAY WAI,Wai,http://www.kvmwai.edu.in/
16189,JANATA SHIKSHAN SANSTHA'S KISAN VEER MAHAVIDYALAY WAI SATARA,Wai,http://www.kvmwai.edu.in/
03004,"Jankidevi Bajaj Institute of Management Studies, Santacruz, Mumbai",Mumbai,http://www.jdbims.org/
03146,"Jawahar Education Society's Annasaheb Chudaman Patil College of Engineering,Kharghar, Navi Mumbai",Navi Mumbai,http://www.acpce.org/
02694,JAY BHARAT COLLEGE OF MCA DAPKA TQ.NILANGA DIST LATUR,Latur,http://www.jaybharatcollege.org/
02622,"Jay Bhavani Institute of Management, Badnapur, Jalna",Jalna,http://www.jbim.org/
06129,"Jayawant Shikshan Prasarak Mandal's Jayawant Institute of Management Studies, Tathawade Pune",Pune,http://www.jims.edu.in/
06311,"Jayawant Shikshan Prasarak Mandal, Bhivarabai Sawant Institute of Technology & Research, Wagholi",Pune,http://www.bsiotr.org/
16242,JAYSINGPUR COLLEGE JAYSINGPUR,Kolhapur,Unknown
06141,"Jaywant Shikshan Prasarak Mandal's,Rajarshi Shahu College of Engineering, Tathawade, Pune",Pune,http://www.rscoe.org/
16256,JEEVAN PRABODHINI VITA,Vita,http://www.jeevanprabhodhini.org/
16256,"JEEVAN PRABODHINI VITA'S SOU. SHOBHAKAKI BABAR KANYA MAHAVIDYALAYA, VITA",Vita,http://www.jeevanprabhodhini.org/
02693,JEEVAN REKHA PRATISTHAN'S MAHILA BCA MAHAVIDYALAYA,Latur,http://www.jrpmbcacollege.org/
03682,JEEVANDEEP INSTITUTE OF TECHNOLOGY AND MANAGEMENT STUDIES,Kalyan,http://www.jitms.org/
02637,"Jijau Institute of Engineering Technology and Management, Khandgaon (Bendri), Taluka Naigaon, District Nanded",Nanded,http://www.jijauinstitute.org/
03159,"JNIESTR's,Rajeev Gandhi College of Management Studies, Navi Mumbai",Navi Mumbai,http://www.rgcms.edu.in/
06755,"JSPM Narhe Technical Campus, Pune.",Pune,http://www.jspmnarhe.org/
06143,"JSPM's Jayawantrao Sawant Institute of Management & Research, Hadapsar, Pune",Pune,http://www.jsimr.edu.in/
06145,"JSPM'S Jaywantrao Sawant College of Engineering,Pune",Pune,http://www.jspmjscoe.ac.in/
16160,JUNNAR TALUKA SHIVNER SHIKSHAN PRASARAK MANDAL SHRI SHIV CHHATRAPATI COLLEGE JUNNAR,Junnar,http://www.shivchhatrapaticollege.org/
05640,K K WAGH ARTS COMMERCE SCIENCE AND COMPUTER SCIENCE COLLEGE KAKASAHEBNAGAR,Nashik,http://www.kkwagh.edu.in/
"05641,05650",K K WAGH ARTS COMMERCE SCIENCE AND COMPUTER SCIENCE COLLEGE NASHIK,Nashik,http://www.kkwagh.edu.in/
03633,K L E SOCIETY'S SCIENCE AND COMMERCE COLLEGE,Navi Mumbai,http://www.klesociety.org/
05598,K NARKHEDE COLLEGE BHUSAVAL,Bhusawal,http://www.knarkhedecollege.org/
04743,"K R PANDAV MAHAVIDYALAYA, NAGPUR",Nagpur,http://www.krpandavcollege.org/
02707,K T COLLEGE OF COMPUTER SCIENCE,Osmanabad,http://www.ktcollege.org/
06214,"K. E. Society's Rajarambapu Institute of Technology, Walwa, Sangli",Sangli,http://www.ritindia.edu/
06184,"K. J.'s Educational Institut Trinity College of Engineering and Research, Pisoli, Haveli",Pune,http://www.trinityengineering.org/
05121,"K. K. Wagh Institute of Engineering Education and Research, Nashik",Nashik,http://www.kkwagh.edu.in/
05622,K.A.A..N.M.SONAWANE ARTS COMMERCE AND SCIENCE COLLEGE SATANA TAL BAGLAN DIST. NASHIK,Nashik,http://www.kasnmscollege.org/
06971,"K.B. Joshi Institute of Information Technology, Pune",Pune,http://www.kbjiit.org/
04147,"K.D.K. College of Engineering, Nagpur",Nagpur,http://www.kdkce.edu.in/
05390,"K.V.N. Naik S. P. Sansth's Loknete Gopinathji Munde Institute of Engineering Education & Research, Nashik.",Nashik,http://www.lgmindia.org/
06293,"Kai Amdar Bramhadevdada Mane Shikshan & Samajik Prathistan's Bramhadevdada Mane Institute of Technology, Solapur",Solapur,http://www.bmit.org/
05617,KAI. BAHUSAHEB HIRAY SAMARNIKA SAMITI TRUST'S INDIRA COLLEGE,Malegaon,http://www.indirabahiracollege.org/
16371,Kai. Nirmalatai Pingle Institute of Engineering & Management studies,Pune,http://www.knpiem.edu.in/
03446,"Kala Vidyalaya Trust, Kala Institute of Management Studies & Research, Kandivali",Mumbai,http://www.kalainstitute.org/
02712,KALAVATI INSTITUTE OF MANAGEMENT,Chhatrapati Sambhajinagar,http://www.kalavatimanagement.org/
05127,"Kalyani Charitable Trust, Kalyani Ravindra Sapkal College of Management Studies, Nashik",Nashik,http://www.krcsoms.edu.in/
16188,KAMALA COLLEGE,Kolhapur,http://www.kamalacollege.edu.in/
16188,KAMALA COLLEGE KOLHAPUR,Kolhapur,http://www.kamalacollege.edu.in/
06167,"Kamla Education Society's Pratibha Institute of Business Management, Chinchwad, Pune",Pune,http://www.pratibhainstitute.org/
03651,KANDIVLI EDUCATION SOCIETY'S B K SHROFF COLLEGE OF ARTS AND M H SHROFF COLLEGE OF COMMERCE,Mumbai,http://www.bkshroffcollege.com/
04679,"Karanjekar College of Engineering & Management, Sakoli",Sakoli,http://www.kcem.org/
16158,KARMAVEER BHAURAO PATIL ISLAMPUR,Islampur,http://www.kbpislampur.org/
16145,KARMAVEER BHAURAO PATIL MAHAVIDYALAYA PANDHARPUR AUTONOMOUS,Pandharpur,http://www.kbpmp.org/
06037,KARMAVEER BHAURAO PATIL UNIVERSITY SATARA,Satara,http://www.kbpuni.ac.in/
05447,KARMAVEER BHAUSAHEB HIRAY INSTITUTE OF MANAGEMENT AND RESEARCH,Nashik,http://www.kbhimr.org/
16130,KARMAVEER HIRE ARTS SCIENCE COMMERCE AND EDUCATION COLLEGE,Gargoti,http://www.karmaveercollege.org/
"05630,05636",KARMAVEER KAKASAHEB WAGH ARTS COMMERCE SCIENCE AND COMPUTER SCIENCE COLLEGE CHANDORI,Chandori,http://www.kkwagh.edu.in/
06124,"Kasturi Shikshan Sansta's Institute of Management, Shikhrapur",Pune,http://www.kssim.org/
16240,KAVERI COLLEGE OF ARTS SCIENCE AND COMMERCE PUNE,Pune,http://www.kavericollege.org/
"04017,04018",KAVIKULAGURU KALIDAS SANSKRIT UNIVERSITY RAMTEK,Ramtek,https://kksu.org
05548,KCES MOOLJI JAITHA COLLEGE,Jalgaon,http://www.kcesmjcollege.org/
05623,KEN KENDRE COLLEGE OF TECHNOLOGY AND MANAGEMENT,Nashik,http://www.kenkendrecollege.org/
06808,"Keystone School of Engineering, Pune",Pune,http://www.keystone.edu.in/
06248,"KFS - Krishna Institute of Computer Application & Management, Wathar",Karad,http://www.kfs.edu.in/
05106,"Khandesh College Education Society's College Of Engineering And Management, Jalgaon",Jalgaon,http://www.kcecoe.org/
05101,"Khandesh College Education Society's Institute of Management & Research, Jalgaon",Jalgaon,http://www.kceimr.org/
05674,"Khandesh Education Society's Institute of Management and Technology, Amalner",Amalner,http://www.kesimt.org/
16161,KHED TALUKA SHIKSHAN PRASARAK MANDAL HUTATMA RAJGURU MAHAVIDYALAYA TAL KHED DIST PUNE,Pune,http://www.hrmahavidyalaya.org/
04634,"Kirsan's Mission Institute of Management, Gankhaira,Ta. Goregaon, Dist. Gondia",Gondia,http://www.kmim.org/
02684,KISAN SHIKSHAN PRASARAK MANDAL,Latur,Unknown
05547,KISAN VIDYA PRASARAK SANSTHAS SPDM ARTS SBB AND SHD COMMERCE AND SMA SCIENCE COLLEGE SHIRPUR,Shirpur,Unknown
02571,"Kishori College of M.B.A., Beed",Beed,http://www.kishoricollge.com/
06212,"KIT's Institute of Management Education & Research, Kolhapur",Kolhapur,http://www.kit.edu.in/
06174,"KJ's Educational Institute Trinity Institute of Management & Research, Haveli, Pune",Pune,http://www.trinityimr.org/
06634,"KJEI's Trinity Academy of Engineering, Yewalewadi, Pune",Pune,http://www.trinityacademy.edu.in/
03354,"Kohinoor Business School, Kurla (West), Mumbai",Mumbai,http://www.kohinoorbusinessschool.edu.in/
03713,"Konkan Ratna Kala Mahavidyalaya, Bharane",Bharane,http://www.krkmahavidyalaya.org/
03219,"Koti Vidya Charitable Trust's Smt. Alamuri Ratnamala Institute of Engineering and Technology, Sapgaon, Tal. Shahapur",Shahapur,http://www.armiet.edu.in/
16367,KPS Institute of Management and Technology,Pune,http://www.kpsimt.org/
16140,KRANTIAGRANI DR. G. D. BAPU LAD MAHAVIDYALAYA KUNDAL,Kundal,http://www.gdblm.org/
05603,KRIDA RASIK EDUCATION SOCIETY INSTITUTE OF MANAGEMENT AND RESEARCH JALGAON,Jalgaon,http://www.kreimr.org/
06216,"Krishna Foundation Malkapur-Karad's Jaywant Institute of Management, Wathar",Karad,http://www.jimwathar.org/
05620,KRT ARTS BH COMMERCE AND AM SCIENCE COLLEGE NASHIK,Nashik,http://www.krtcollege.org/
04188,"Krushi Jivan Vikas Pratishthan, Ballarpur Institute of Technology, Mouza Bamni",Ballarpur,Unknown
06219,"KSGBS's Bharat- Ratna Indira Gandhi College of Engineering, Kegaon, Solapur",Solapur,http://www.brigce.org/
16359,KTSP Mandal Institute of Technology Management & Research,Pune,http://www.ktspmimr.org/
05568,KVN NAIK ARTS COMMERCE AND SCIENCE COLLEGE,Nashik,http://www.kvnnaikcollege.org/
04007,"Lady Amritbai Daga College for Women of Arts, Com & Sci. & Smt. Ratnidevi Purohit College of H.Sci & H. Sc. Technology, Nagpur",Nagpur,http://www.ladcollege.edu.in/
03588,LALA LAJPATRAI COLLEGE OF COMMERCE AND ECONOMICS,Mumbai,http://www.lalacollege.edu.in/
03104,"Lala Lajpatrai Institute of Management, Mumbai",Mumbai,http://www.llim.edu.in/
01337,LATE BABANRAO DESHMUKH MAHAVIDYALAYA,Amravati,Unknown
03169,"Late Bhausaheb Hiray S. S. Trust's Institute of Computer Application, Bandra (E), Mumbai",Mumbai,http://www.lbhs.edu.in/
05235,"Late Bhausaheb Hiray Smarnika Samiti Trust Sanchalit Polytechnic, Malegaon, Nashik",Malegaon,http://www.lbhsspolytechnic.org/
01340,LATE NARAYANRAO AMRUTRAO DESHMUKH ARTS AND COMMERCE COLLEGE,Chandur Bazar (Amravati),Unknown
03625,LATE PARVATIBAI JONDHALE WOMENS LAW COLLEGE BCA,Dombivli (Thane),Unknown
02676,LATE SOW KAMALTAI JAMKAR MAHILA MAHAVIDYALAYA PARBHANI,Parbhani,http://www.lskjmahila.org/
14005,"Laxminarayan Innovation Technological University, Nagpur",Nagpur,http://www.litunagpur.edu.in/
06610,"Lexicon Management Institute of Leadership & Excellence, Pune",Pune,http://www.lexiconmiile.edu.in/
16165,"Loknete Prof. Sharad Patil Mahavidyalaya, Miraj",Miraj,http://www.lpspmiraj.org/
05686,Loknete Suhas Dwarkanath Kande College of Engineering Management and Research,Pune,http://www.lsdkande.org/
02106,"Lokvikas Educational & Charitable Trust's Marathwada Institute of Management and Research, Aurangabad",Chhatrapati Sambhajinagar,http://www.mimr.org/
06760,"Lotus Business School, Pune",Pune,http://www.lotusbusinessschool.org/
03530,"M. S. College of Management, Devghar Vada",Palghar,Unknown
04190,"M.D. Yergude Memorial Shikshan Prasarak Mandal's Shri Sai College of Engineering & Technology, Bhadrawati",Bhadrawati,Unknown
02129,"M.S. Bidve Engineering College, Latur",Latur,http://www.msbec.org/
03725,"MAEER's Maharashtra Institute of Technology, Thane",Thane,http://www.mitthane.edu.in/
16232,MAEER'S MIT ARTS COMMERCE AND SCIENCE COLLEGE,Pune,http://www.mitacscollege.org/
02698,MAHARAJA SAYAJIRAO GAIKWAD MAHAVIDYALAYA CIDCO AURANGABAD,Chhatrapati Sambhajinagar,http://www.msgmahavidyalaya.org/
06232,"Maharashtra Education Society's Institute of Management and Career Courses (IMCC), Pune",Pune,http://www.mesimcc.org/
02674,MAHARASHTRA MAHAVIDYALAYA NILANGA,Nilanga,http://www.mmhnilanga.org/
02675,MAHARASHTRA UDAYAGIRI MAHAVIDYALAYA,Udgir (Latur),http://www.mumu.edu.in
03616,MAHARSHI KARVE MAHILA MAHAVIDYALAY,Ratnagiri,http://www.mkmahavidyalaya.org/
16238,MAHARSHI KARVE MAHILA MAHAVIDYALAY SATARA,Satara,http://www.mkmahavidyalayasatara.org/
16247,MAHARSHI KARVE MAHILA MAHAVIDYALAY WAI,Wai,http://www.mkmwai.org/
03616,"Maharshi Karve Mahila Mahavidyalay, Ratnagiri",Ratnagiri,http://www.mkmahavidyalaya.org/
03047,MAHARSHI KARVE MODEL COLLEGE FOR WOMEN,Pune,http://www.mkmodelcollege.org/
06114,"Maharshi Karve Sreeshikshan Sanstha's Smt. Hiraben Nanavati Instiute of Management & Research for Women, Pune",Pune,http://www.hnimsr.edu.in/
16239,MAHARSHI KARVE STREE SHIKSHAN SAMSTHA'S SHRI SIDDHIVINAYAK MAHILA MAHAVIDYALAYA,Pune,http://www.siddhivinayakmahila.org/
02680,MAHATMA BASWESHWAR MAHAVIDYALAYA LATUR,Latur,http://www.mbmlatur.org/
03160,"Mahatma Edu.Soc.'s Pillai's HOC Institute of Management Studies & Research, Khalapur Dist. Raigadh",Khalapur,http://www.phimsr.edu.in/
03614,MAHATMA EDUCATION SOCIETY PILLAI HOC COLLEGE OF ARTS SCIENCE AND COMMERCE,Khalapur,http://www.phcasc.edu.in/
03223,"Mahatma Education Society's Pillai HOC College of Engineering & Technology, Tal. Khalapur. Dist. Raigad",Khalapur,http://www.phcet.edu.in/
03114,"Mahatma Education Society's Pillai's Institute of Management Studies & Research, New Panvel",Panvel,http://www.pimsr.edu.in/
02678,MAHATMA GANDHI MAHAVIDYALAYA AHMEDPUR,Ahmedpur,http://www.mgmahmedpur.org/
03105,"Mahatma Gandhi Mission's Institute of Management Studies & Research, Kamothe",Kamothe,http://www.mgmimsr.edu.in/
16243,MAHATMA GANDHI SARVODAYA SANGH SANCHALIT PADMASHRI MANIBHAI DESAI MAHAVIDYALAYA,Uruli Kanchan (Pune),http://www.pmdmahavidyalaya.org/
05647,MAHATMA GANDHI VIDHYAMANDIR'S PANCHAVATI COLLEGE OF MANAGEMENT AND COMPUTER SCIENCE,Nashik,http://www.panchavatimba.org/
05219,"Mahatma Gandhi Vidyamandir's Samajshree Prashantdada Hiray College of Management and Technology, Nashik",Nashik,http://www.sphcmt.org/
01319,MAHATMA JYOTIBA FULE MAHAVIDYALAYA AMRAVATI,Amravati,http://www.mjfcollege.org/
02719,MAHATMA PHULE BCA COLLEGE PARBHANI 265,Parbhani,http://www.mpbca.org/
04192,"Maitraya Education Society, Nagarjuna Institute of Engineering Technology & Management, Nagpur",Nagpur,http://www.niet.edu.in/
03556,MALAD KANDIVLI EDUCATION SOCIETYS NAGINDAS KHANDWALA COLLEGE OF COMMERCE ARTS AND MANAGEMENT STUDIES,Mumbai,http://www.nkc.ac.in/
03677,MALINI KISHOR SANGHVI COLLEGE OF COMMERCE AND ECONOMICS,Mumbai,http://www.mkscollege.edu.in/
16170,MAMASAHEB MOHOL COLLEGE,Mohol,http://www.mamashebcollege.org/
03128,"Mandar Education Society's Rajaram Shinde College of Master of Business Adminstration, Chiplun",Chiplun,http://www.rajaramshindemba.org/
16260,MANDKE HUMAN HAPPINESS FOUNDATION SMT SUDHATAI MANDKE COLLEGE PUNE,Pune,http://www.mandkecollege.org/
02666,Mangaldeep College of Engineering,Chhatrapati Sambhajinagar,http://www.mangaldeepcollege.org/
03547,MANIBEN NANAVATI WOMEN'S COLLEGE,Mumbai,http://www.mnwc.org.in/
02124,"Maratha Education Society's Institute of Management studies & Information Technology, Aurangabad",Chhatrapati Sambhajinagar,http://www.mesimt.org/
03113,"Maratha Mandir's Babasaheb Gawde Institute of Management Studies, Mumbai",Mumbai,http://www.mmbgims.edu.in/
05574,MARATHA VIDHYA PRASARAK SAMAJ NASHIK GMD ARTS BW COMMERCE AND SCIENCE COLLEGE SINNAR,Sinnar,http://www.gmdcollege.org/
05633,MARATHA VIDYA PRASARAK SAMAJ ARTS AND COMMERCE COLLEGE MAKHAMALABAD,Makhamalabad,http://www.mvpmakhamalabad.org/
05108,"Maratha Vidya Prasarak Samaj's Karmaveer Adv. Baburao Ganpatrao Thakare College Of Engineering, Nashik",Nashik,http://www.kbtcoe.org/
05621,MARATHA VIDYA PRASARAK SAMAJ'S S V K T ARTS SCIENCE AND COMMERCE COLLEGE,Nashik,http://www.svktcollege.org/
05627,MARATHA VIDYA PRASARAK SAMAJS,Nashik,http://mvp.edu.in
02695,"MARATHWADA INSTITUTE OF TECHNOLOGY CIDCO ,CHHATRAPATI SAMBHAJINAGAR",Chhatrapati Sambhajinagar,http://www.mit.asia/
16280,MARATHWADA MITRA MANDAL'S COLLEGE OF COMMERCE,Pune,http://www.mmmcc.edu.in/
06108,"Marathwada Mitra Mandal's Institute of Mangement Education Research & Training, Pune",Pune,http://www.mmmimert.org/
02718,MASTER DEENANATH MANGESHKAR MAHAVIDYALAYA,Pune,http://www.mdmcollege.org/
05614,MATOSHRI ARTS SCIENCE AND COMPUTER SCIENCE,Nashik,http://www.matoshricollege.org/
05177,"Matoshri College of Engineering and Research Centre, Eklahare, Nashik",Nashik,http://www.matoshri.edu.in/
05122,"Matoshri College of Management and Research Centre, Eklahare, Nashik",Nashik,http://www.matoshrimcr.org/
05596,MATOSHRI EDUCATION SOCIETY,Nashik,Unknown
02116,"Matoshri Pratishan's Group of Institutions (Integrated Campus), Kupsarwadi , Nanded",Nanded,http://www.matoshripratishthan.org/
02723,MATOSHRI PRATISHTHAN GROUP OF INSTITUTIONS SCHOOL OF ENGINEERING AND SCHOOL OF MANAGEMENT,Nanded,http://www.matoshripratishthan.org/
01323,MATOSHRI SHANTABAI GOTE ARTS COMMERCE AND SCIENCE COLLEGE WASHIM,Washim,http://www.matoshricollegewashim.org/
03452,"Matoshri. Ushatai Jadhav Institute of Management studies & Research Centre, Bhivandi",Bhiwandi,http://www.mujimsr.org/
06638,"Matrix School of Management Studies, Pune",Pune,http://www.matrixschoolofmanagement.org/
02138,"Matsyodari Shikshan Sansatha's College of Engineering and Technology, Jalna",Jalna,http://www.mscet.org/
02671,MAULANA AZAD COLLEGE OF ARTS SCIENCE AND COMMERCE,Chhatrapati Sambhajinagar,http://www.macac.edu.in/
02621,"MDA EDUCATION AND RESEARCH INSTITUTE, KOLPA, LATUR",Latur,http://www.mdaedu.org/
02759,MDA INSTITUTE OF HIGHER EDUCATION SCIENCES AND RESEARCH,Chhatrapati Sambhajinagar,http://www.mdaihsr.org/
04129,"Mehmuda Shikshan & Mahila Gramin Vikas Bahuuddeshiya Sanstha's, Central Province College of Business Management & Studies",Nagpur,http://www.cpcbms.org/
16179,MES GARWARE COLLEGE OF COMMERCE,Pune,http://www.mesgarwarecollege.org/
16202,MES SENIOR COLLEGE,Pune,http://www.messeniorcollege.org/
05151,"MET Bhujbal Knowledge City MET League's Engineering College, Adgaon, Nashik.",Nashik,http://www.metbhujbalknowledgecity.ac.in/
05120,"MET's Institute of Management, Adgaon, Nashik",Nashik,http://www.metimr.org/
03106,"MET's Institute of Management, Mumbai",Mumbai,http://www.met.edu.in/
16244,MGE SOCIETY'S HUZURPAGA SMT. DURGABAI MUKUNDDAS LOHIA MAHILA VANIJYA MAHAVIDYALAYA,Pune,http://www.mgehuzurpagacollege.org/
02736,MGMS COLLEGE OF COMPUTER SCIENCE AND IT,Nanded,http://www.mgmscsit.org/
02690,MILLIYA ARTS SCIENCE AND MANAGEMENT SCIENCE COLLEGE BEED,Beed,http://www.milliyacollege.org/
16165,MIRAJ MAHAVIDYALAYA MIRAJ,Miraj,http://www.mirajmahavidyalaya.org/
03570,MITHIBAI COLLEGE OF ARTS CHAUHAN INSTITUTE OF SCIENCE AND AMRUTBEN JIVANLAL COLLEGE OF COMMERCE AND ECONOMICS,Mumbai,http://www.mithibai.ac.in/
02570,"Mitthulalji Sarda MBA College, Beed",Beed,http://www.mitthulaljisarda.org/
05599,MKD ARTS COMMERCE SCIENCE AND FASHION DESIGNING COLLEGE,Kolhapur,http://www.mkdcollege.org/
06039,MODERN COLLEGE KOLHAPUR,Kolhapur,http://www.moderncollegekolhapur.org/
16226,MODERN COLLEGE OF ARTS SCIENCE AND COMMERCE,Pune,http://www.moderncollegepune.org/
16233,MODERN COLLEGE OF ARTS SCIENCE AND COMMERCE WARJE PUNE,Pune,http://www.moderncollegewarje.org/
05638,MODERN COLLEGE OF BCA SONAI,Sonai,http://www.modernbca.org/
16222,MODERN COLLEGE OF COMMERCE AND COMPUTER STUDIES,Pune,http://www.mcccs.org/
"02737,02738",MODERN COLLEGE OF COMPUTER SCIENCE AND INFORMATION TECHNOLOGY,Pune,Unknown
16219,MODERN EDUCATION SOCIETY'S NESS WADIA COLLEGE OF COMMERCE,Pune,http://www.nesswadia.edu.in/
06110,"Modern Education Society's Neville Wadia Institute of Management Studies & Research, Pune",Pune,http://www.nevillewadia.edu.in/
06631,"Modern Institute of Business Management, Pune",Pune,http://www.mibm.ac.in/
02709,MOTHER KANCHAN INSTITUTE OF BUSINESS MANAGEMENT AND COMPUTER APPLICATION,Chhatrapati Sambhajinagar,http://www.motherkanchan.org/
16153,MUDHOJI COLLEGE PHALTAN,Phaltan,http://www.mudhojicollege.org/
05553,MUKTAINAGAR TALUKA EDUCATION SOCIETYS SMT GODAWARIBAI GANPATRAO KHADSE COLLEGE,Muktainagar,http://www.mtesgpkcollege.org/
05684,Mula Education Society's College of Management and Business Administration,Nashik,http://www.mescmba.org/
05573,MULA EDUCATION SOCIETYS ARTS COMMERCE AND SCIENCE COLLEGE SONAI,Sonai,http://www.mesacscollege.org/
03167,"Mumbai Education Trust's Institute of Computer Science, Bandra (W), Mumbai",Mumbai,http://www.met.edu.in/
03129,"Mumbai Institute of Management & Research, Mumbai",Mumbai,http://www.mimr.edu.in/
04717,"NABIRA MAHAVIDYALAYA, KATOL",Katol,http://www.nabira.org/
05169,"Nagaon Education Society's Gangamai College of Engineering, Nagaon, Tal Dist Dhule",Dhule,http://www.gangamai.org/
05552,NANASAHEB YASHWANTRAO NARAYANRAO CHAVAN ARTS SCIENCE AND COMMERCE COLLEGE CHALISGAON,Chalisgaon,http://www.nyncacs.org/
02717,NANDIGRAM INSTITUTE OF INFORMATION TECHNOLOGY,Nandigram,http://www.niit.org.in/
05113,"Nashik District Maratha Vidya Prasarak Samaj's Institute of Management Research & Technology, Nashik",Nashik,http://www.imrt.edu.in/
05123,"Nashik Gramin Shikshan Prasarak Mandal, Brahma Valley Institute of Management, Anjaneri, Nashik",Nashik,http://www.bvim.org/
03048,NATIONAL KANNADA EDUCATION SOCIETY'S N K E S COLLEGE OF ARTS COMMERCE AND SCIENCE,Mumbai,http://www.nkescollege.org/
05609,NATIONAL SENIOR COLLEGE,Mumbai,http://www.nationalseniorcollege.org/
06165,"Nav Sahyadri Charitable Trust's Institute of Business Management & Research, Chakan, Pune",Chakan,http://www.nscibmr.org/
06200,"Nav-Sahyadri Charitable Trust's Institute of Management Science,Pimpri BK, Khed",Pimpri,http://www.nscims.org/
03723,"Navjeevan Education Society's College of Engineering, Bhandup(W), Mumbai",Mumbai,http://www.navjeevancoe.org/
05116,"Navjeevan Institute of Management, Nashik",Nashik,http://www.navjeevanim.org/
04232,"Navodaya Shikshan Sanstha's Shankarrao Dhawad Polytechnic, Nagpur",Nagpur,http://www.navodayapolytechnic.org/
06632,Navsahyadri Education Society's Group of Institutions,Pune,http://www.navsahyadri.edu.in/
06772,"NBN Sinhgad Technical Institutes Campus, Pune",Pune,http://www.nbnsinhgad.edu.in/
03127,"NCRD's Sterling Institute of Management Studies, Navi Mumbai",Navi Mumbai,http://www.sterling.edu.in/
05572,NEW ARTS COMMERCE AND SCIENCE COLLEGE AHMEDNAGAR,Ahmednagar,http://www.newartscollege.ac.in/
05584,NEW ARTS COMMERCE AND SCIENCE COLLEGE PARNER,Parner,http://newartscollegeparner.edu.in/
02034,NEW MODEL DEGREE COLLEGE,Chhatrapati Sambhajinagar,http://www.newmodeldegreecollege.org/
16220,NEW SATARA COLLEGE OF BCA,Satara,http://www.newsatarabca.org/
05414,"Nikam Institute of Technology And Management Studies ,Dhule",Dhule,http://www.nikaminstitute.org/
02110,"Nirmal Krida and Samaj Prabhodhan Trust, Institute of Management, Badnapur",Badnapur,http://www.nkspt.org/
02672,NIRMAL KRIDA AND SAMAJ PRABODHAN TRUST'S ARTS SCIENCE AND COMMERCE COLLEGE BADNAPUR PATHRIKAR CAMPUS,Badnapur,http://www.nkspt.org/
16291,NIVRUTTI BABAJI NAVALE COLLEGE OF COMMERCE AND SCIENCE,Pune,http://www.nbncollege.org/
02779,NKSPT INSTITUTE OF ENGINEERING AND TECHNOLOGY PATHIKAR CAMPUS,Nashik,http://www.nkspt.edu.in/
04730,"NMD COLLEGE OF ARTS AND COMMERCE, GONDIA",Gondia,http://www.nmdcollege.org/
06310,"Nutan Maharashtra Vidya Prasarak Mandal, Nutan Maharashtra Institute of Engineering &Technology, Talegaon station, Pune",Talegaon,http://www.nmit.edu.in/
02691,NUTAN MAHAVIDYALAYA SELU,Selu,http://www.nutanmahavidyalaya.org/
04125,"Orange City Institute of Management, Nagpur",Nagpur,http://www.ocim.edu.in/
03136,"Oriental Education Society Oriental Institute of Management, Navi Mumbai",Navi Mumbai,http://www.oim.edu.in/
05126,"Ozar Vikas Sanstha's Vishwasattya College of MBA, Ozar.",Ozar,http://www.vcmonline.org/
05639,P G ARTS SCIENCE AND COMMERCE COLLEGE,Nashik,http://www.pgcollegenashik.org/
01107,"P. R. Pote Patil College of Engineering & Management, Amravati",Amravati,http://www.prpotepatil.org/
01111,"P.G. Department of Computer Science & Technology, D.C.P.E., H.V.P. Mandal, Amravati",Amravati,http://www.hvpm.org/
16208,P.JOG COLLEGE OF SCIENCE AND COMMERCE,Pune,http://www.pjogcollege.org/
06768,"P.K. Technical Campus, Pune.",Pune,http://www.pktechnicalcampus.org/
16215,PADMABHUSHAN DR.VASANTRAODADA PATIL MAHAVIDYLAYA TASGAON,Tasgaon,http://www.vdpatilcollege.org/
05112,"Padmashree Dr. Vithalrao Vikhe Patil Foundation's Institute of Business Management & Rural Development, Ahmednagar",Ahmednagar,http://www.ibmrd.edu.in/
05563,PANKAJ SHAIKSHANIK AND SAMAJIK SANSTHA PANKAJ KALA MAHAVIDYALAYA CHOPDA,Chopda,http://www.pankajcollege.org/
04765,Pannase Institute of Managment and Research,Nagpur,http://www.pimr.edu.in/
04102,"Param Poojya Dr. Babasaheb Ambedkar Smarak Samiti Dr. Ambedkar Department of Management Studies & Research, Nagpur",Nagpur,http://www.dacn.in/
05613,PARIKRAMA ARTS COMMERCE AND SCIENCE COLLEGE,Ahmednagar,http://www.parikramacollege.org/
03123,"Parle Tilak Vidyalaya Asso.'s Institute of Management, Mumbai",Mumbai,http://www.ptvim.org/
16199,PDEA BABURAOJI GHOLAP COLLEGE,Pune,http://www.pdeabgcollege.org/
16332,PDEAS ANNASAHEB MAGAR MAHAVIDYALAYA HADAPSAR,Pune,http://www.pdeasamc.edu.in/
16178,PDEAS SHANKARRAO BHELKE COLLEGE,Pune,http://www.pdeasbc.org/
16122,Pharate Patil Management Institutes,Pune,http://www.pharatepatilinstitute.org/
03563,PILLAI COLLEGE OF ARTS COMMERCE & SCIENCE,Panvel,http://www.pillai.edu.in/
03678,PILLAI COLLEGE OF EDUCATION AND RESEARCH,Panvel,http://www.pillai.edu.in/
03160,PILLAI HOC INSTITUTE OF MANAGEMENT STUDIES AND RESEARCH,Khalapur,http://www.phimsr.edu.in/
06822,"Pimpri Chinchwad Education Trust's Pimpri Chinchwad College Of Engineering And Research, Ravet",Pune,http://www.pccoer.com/
06192,"Pimpri Chinchwad Education Trust's S.B. Patil Institute of Management, Nigdi, Pune",Pune,http://www.sbpatilmanagement.org/
06175,"Pimpri Chinchwad Education Trust, Pimpri Chinchwad College of Engineering, Pune",Pune,http://www.pccoepune.com/
05117,Pirens Institute Of Business Management And Administration (IBMA) Loni (BK),Ahmednagar,http://www.pirensibma.org/
16334,POONA COLLEGE OF ARTS SCIENCE AND COMMERCE,Pune,http://www.poonacollege.org/
06107,"Poona District Education Association's, Mahatma Phule Institute of Management & Computer Studies, Pune",Pune,http://www.mphimcs.org/
06199,"Poona Institute of Management Sciences & Enterpreneurship, Pune",Pune,http://www.pimse.org/
16263,PRAGNYA COLLEGE OF MANAGEMENT AND COMPUTER STUDIES,Pune,http://www.pragnyacollege.org/
03555,PRAHLADRAI DALMIA COLLEGE OF COMMERCE AND ECONOMICS,Mumbai,http://www.pdalmia.edu.in/
03158,"Pramod Ram Ujaagar Saket Gyanpeeth's, Saket College of Management, Kalyan",Kalyan,http://www.saketcollege.edu.in/
03158,"Pramod Ram Ujagar Tiwari Saket Institute of Management, Kalyan",Kalyan,http://www.saketcollege.edu.in/
05125,"Pravara Rural Education Society's Sir Visvesvaraya Institute of Technology, Chincholi Dist. Nashik",Nashik,http://www.svit.org/
16299,PRIN DR SUDHAKARRAO JADHAVAR ARTS COMMERCE AND SCIENCE COLLEGE,Pune,http://www.psjcollege.org/
06737,"Prin. K.P. Mangalvedhekar Institute Of Management Career Development And Research, Solapur",Solapur,http://www.kpminstitute.org/
03107,"Prin. L. N. Welingkar Institute of Management Development & Research, Mumbai",Mumbai,http://www.welingkar.org/
05649,PRINCIPAL NEW ARTS COMM AND SCIENCE COLLEGE SHEVGAON,Shevgaon,http://www.newartscollegeshevgaon.org/
04112,"Priyadarshini Lokmanya Tilak Institute of Management Studies & Research, Nagpur",Nagpur,http://www.pltimr.org/
01128,"Prof Ram Meghe College of Engineering and Management, Badnera",Badnera,http://www.prmceam.org/
16327,PROF RAMKRISHNA MORE ARTS COMMERCE AND SCIENCE COLLEGE AKURDI PUNE,Pune,http://www.prmcollege.org/
01105,"Prof. Ram Meghe Institute of Technology & Research, Amravati",Amravati,http://www.prmitr.edu.in/
16252,PROGRESSIVE EDUCATION SOCIETY'S MODERN COLLEGE OF ARTS SCIENCE AND COMMERCE GANESHKHIND PUNE,Pune,http://www.moderncollegegk.org/
06139,"Progressive Education Society's Modern College of Engineering, Pune",Pune,http://www.moderncoe.org/
06812,"Progressive Education Society's Modern Institute of Business Studies, Nigdi, Pune",Pune,http://www.mibs.org.in/
06164,"Psd Shastri Educational Foundation's Asma Institute Of Management, Pune",Pune,http://www.asmamanagement.org/
03674,PSSVMS SAILEE DEGREE COLLEGE,Pune,http://www.saileedegreecollege.org/
06992,"Pune Cambridge Institute of Management and Computer Application, Ambegaon Pathar, Pune",Pune,http://www.pcimca.org/
06206,"Pune District Education Association's College of Engineering, Manjari(Bk), Hadapsar, Pune",Pune,http://www.pdeace.org/
06641,"Pune Institute Of Business Management, Pune",Pune,http://www.pibmpune.org/
05330,"PUNE VIDYARTHI GRIHA'S COLLEGE OF ENGINEERING & SHRIKRUSHNA S. DHAMANKAR INSTITUTE OF MANAGEMENT, NASHIK",Nashik,http://www.pvgcoenashik.org/
06031,"Punyashlok Ahilyadevi Holkar Solapur University, Solapur",Solapur,http://www.sus.ac.in/
06274,"PVG's College of Engineering, Technology & Management",Pune,http://www.pvgcoet.ac.in/
16286,PVG'S COLLEGE OF SCIENCE AND COMMERCE,Pune,http://www.pvgsc.edu.in/
16147,R B MADKHOLKAR MAHAVIDYALAYA CHANDGAD,Chandgad,http://www.rbmahavidyalaya.org/
05560,R C PATEL ARTS COMMERCE AND SCIENCE COLLEGE SHIRPUR,Shirpur,http://www.rcpatelcollege.org/
05186,"R. C. Patel Institute of Pharmaceutical Education and Research, Shirpur",Shirpur,http://www.rcpatelpharmacy.org/
03568,R.A.PODAR COLLEGE OF COMMERCE AND ECONOMICS AUTONOMOUS,Mumbai,http://www.rapodar.ac.in/
05150,"R.C. Patel Educational Trust, Institute of Management Reasearch & Development, Shirpur",Shirpur,http://www.rcpetimrd.org/
03553,R.P GOGATE COLLEGE OF ARTS AND SCIENCE AND R.V JOGALEKAR COLLEGE OF COMMERCE AUTONOMOUS RATNAGIRI,Ratnagiri,http://www.rpgogatecollege.org/
04648,"R.V. Parankar College of Engineering & Technology, Arvi, Dist Wardha",Arvi,http://www.rvpcet.org/
16168,RAJARAM SHIKSHAN SANSTHA'S,Pune,http://www.rajamshikshansanstha.org/
02102,"Rajarshi Shahu Institute of Management, Aurangabad",Chhatrapati Sambhajinagar,http://www.rsim.org.in/
02791,Rajarshi Shahu Mahavidyalaya,Latur,http://www.rsmlatur.org/
01313,RAJASTHAN ARYAN ARTS SHRI MITHULALJI KACHOLIYA COMMERCE AND SHRI SATYANARAYAN RAMKRUSHANJI RATHI SCIENCE COLLEGE WASHIM,Washim,http://www.rajsciencecollege.org/
16224,RAJE RAMRAO MAHAVIDYALAY JATH,Jath,http://www.rajeramraocollege.org/
02752,RAJE SHAHAJI SENIOR COLLEGE,Karad,http://www.rajeshahajicollege.org/
03202,Rajendra Mane College of Engineering & Technology Ambav Deorukh,Ratnagiri,http://www.rmcet.org/
16328,RAJGAD DNYANPEETH'S ANANTRAO THOPTE COLLEGE BHOR,Bhor,http://www.rajgadbhore.org/
06121,"Rajgad Dnyanpeeths Rajgad Institute of Management Development Research, Dhankawadi, Pune",Pune,http://www.rajgadinstitute.org/
02735,RAJIV GANDHI COLLEGE OF COMPUTER SCIENCE AND MANAGEMENT,Chhatrapati Sambhajinagar,http://www.rgcsm.org/
04163,Rajiv Gandhi College of Engineering Research & Technology Chandrapur,Chandrapur,http://www.rgcrt.org/
04722,"RAJMAL PUGLIA INSTITUTE OF MANAGEMENT AND TECHNOLOGY, CHANDRAPUR",Chandrapur,http://www.rajmalpuglia.org/
06158,"Rajmata Jijau Shikshan Prasarak Mandal's Institute of Computer and Management Research, Dudulgaon, Pune",Pune,http://www.rjspm.org/
16237,RAJMATA JIJAU SHIKSHAN PRASARAK MANDALS ARTS COMMERCE AND SCIENCE COLLEGE BHOSARI PUNE,Pune,http://www.rajmatajijaucollege.org/
02753,RAMKRISHNA PARAMHANSA MAHAVIDYALAYA DHARASHIV,Dharashiv,http://www.rkpmahavidyalaya.org/
04734,"RAMKRISHNA WAGH COLLEGE OF ARTS AND COMMERCE, NAGPUR",Nagpur,http://www.rkwaghmahavidyalaya.org/
04726,"RANDHIRSINGH BHADORIYA MAHAVIDYALAYA, UMRED",Umred,http://www.rbcollege.org/
04726,"RANDHIRSINGH BHADORIYA MAHAVIDYLAYA, UMRED",Umred,http://www.rbcollege.org/
04128,"Ranibai Agnihotri Institute of Computer Information Technology, Wardha",Wardha,http://www.raicit.org/
05685,Rashtrasant Janardan Swami College of Management,Daryapur,http://www.rjscm.org/
06769,"Rasiklal M. Dhariwal Sinhgad Technical Institutes Campus, Warje, Pune.",Pune,http://www.rmsinhgad.org/
06204,"Rastriya Shikshan Mandal's Chetan Dattaji Gaikwad Institute of Management Studies, Pune",Pune,http://www.cdgims.org/
06210,"Rayat Shikshan Sanstha's Karmaveer Bhaurao Patil Institute of Management Studies & Research, Satara",Satara,http://www.kbpimsr.org/
05582,RAYAT SHIKSHAN SANSTHA'S MAHARAJA JIVAJIRAO SHINDE MAHAVIDYALAYA SHRIGONDA,Shrigonda,http://www.mjsmahavidyalaya.org/
05583,RAYAT SHIKSHAN SANSTHA'S SHRI SADGURU GANGAGEER MAHARAJ SCIENCE GAUTAM ARTS AND SANJIVANI COMMERCE COLLEGE KOPARGAON,Kopargaon,http://www.ssgmcollege.org/
05565,RAYAT SHIKSHAN SANSTHAS CHANDRAROOP DAKLE JAIN COLLEGE OF COMMERCE SHRIRAMPUR,Shrirampur,http://www.cdjcollege.org/
05561,RAYAT SHIKSHAN SANSTHAS DADA PATIL MAHAVIDYALAYA KARJAT,Karjat,http://www.dadapatilcollege.org/
16198,RAYAT SHIKSHAN SANSTHAS LAXMIBAI BHAURAO PATIL MAHILA MAHAVIDYALAYA SOLAPUR,Solapur,http://www.lbpmahila.org/
04306,"Real Institute Of Management & Research, Beltarodi, Nagpur",Nagpur,http://www.realimr.org/
03628,REENA MEHTA COLLEGE OF ARTS SCIENCE COMMERCE AND MANAGEMENT STUDIES,Mumbai,http://www.reenamehtacollege.org/
03640,REGAL COLLEGE OF COMPUTER APPLICATION KANKAVLI,Kankavli,http://www.regalcollege.org/
03637,REGAL COLLEGE OF TECHNOLOGY,Kankavli,http://www.regalcollege.org/
03636,REGAL COLLEGE OF TECHNOLOGY AND MANAGEMENT,Kankavli,http://www.regalcollege.org/
04307,"Renaissance Institute Of Management Studies, Datala New Chandrapur",Chandrapur,http://www.rims.edu.in/
04721,"REVNATH CHOURE COLLEGE, SAONER",Saoner,http://www.revnathchourecollege.org/
03564,RISHI DAYARAM AND SETH HASSARAM NATIONAL COLLEGE AND SETH WASSIAMULL ASSOMULL SCIENCE COLLEGE,Mumbai,http://www.rdnationalcollege.org/
03108,"Rizvi Institute of Management Studies & Research, Mumbai",Mumbai,http://www.rizvi.edu.in/
05590,RNC ARTS JDB COMMERCE AND NSC SCIENCE COLLEGE NASHIK ROAD NASHIK,Nashik,http://www.rnccollege.org/
02665,"Royal Institute of Technical Education, Latur",Latur,http://www.rite.ac.in/
03357,"S A V Acharya Institute of Management Studies, Shelu, Tal. Karjat",Karjat,http://www.savacharya.org/
06211,"S.A.P.D.J. Pathshala's Hirachand Nemchand College of Commerce Department of Management Studies, Solapur",Solapur,http://www.hncms.edu.in/
03109,"S.I.E.S. College of Management Studies, Mumbai",Mumbai,http://www.siescoms.edu/
03589,S.I.W.S. N. R. SWAMY COLLEGE OF COMMERCE AND ECONOMICS AND SMT. THIRUMALAI COLLEGE OF SCIENCE,Mumbai,http://www.siwscollege.org/
03032,"S.N.D.T Women's University P.G.D. of Computer Science, Mumbai",Mumbai,http://www.sndt.ac.in/
06123,"S.N.G. Institute of Management & Research, Jaidwadi, Pune",Pune,http://www.sngimr.org/
06966,"S.P.Mandali's Prin.N.G.Naralkar Institute Of Career Development And Research, Pune",Pune,http://www.naralkarinstitute.org/
04741,"SADABAI RAISONI WOMEN'S COLLEGE, NAGPUR",Nagpur,http://www.srwc.edu.in/
16207,SADGURU GADGE MAHARAJ COLLEGE KARAD,Karad,http://www.sgmc.ac.in/
06040,SADHANA COLLEGE OF COMMERCE GADHINGLAJ,Gadhinglaj,http://www.sadhanacollege.org/
01113,"Sadhana Shikshan Mandal, Saraswati College, Shegaon",Shegaon,http://www.saraswaticollegeshegaon.org/
06614,"Sadhu Vaswani Institute Of Management Studies For Girls, Koregaon, Pune",Pune,http://www.svimsg.edu.in/
03121,"Sahajeevan Shikshan Sanstha's Madanbhai Sura Institute of Business Management, Khed Dist. Ratnagiri",Khed,http://www.msibm.org/
05562,SAHAKAR MAHARSHI BHAUSAHEB SANTUJI THORAT ARTS SCIENCE AND COMMERCE COLLEGE,Ahmednagar,http://www.smbstcollege.org/
16278,SAHAKAR MAHARSHI SHANKARRAO MOHITE PATIL MAHAVIDYALAY NATEPUTE,Natepute,http://www.smsmpmahavidyalaya.org/
03437,"Sahyadri Institute of Management & Research, Sawarde.",Sawarde,http://www.simsr.org/
03624,SAHYADRI SHIKSHAN SANSTHA ARTS AND COMMERCE,Karad,http://www.sssac.org/
06758,"Sahyadri Valley College of Engineering & Technology, Rajuri, Pune.",Pune,http://www.svcet.org/
03709,SAHYOG COLLEGE OF ARTS COMMERCE AND SCIENCE,Mumbai,http://www.sahyogcollege.org/
02115,"Sahyog Sevabhavi Santha's Indira Institute of Management Science, Nanded",Nanded,http://www.iimsnanded.org/
06366,"Saibalaji Education Society, International Institute of Management & Human Resource Development(W), Nere Marunje, Pune",Pune,http://www.saibalaji.edu.in/
06783,"Saibalaji Education Society, Saibalaji International Institute of Management Sciences,Nere Marunje, Hinjewadi, Pune",Pune,http://www.siims.edu.in/
16246,SAMARTH COLLEGE OF COMPUTER SCIENCE,Pune,http://www.samarthcollege.org/
06635,Samarth College of Engineering and Management,Pune,http://www.scem.org/
06545,"Samarth Education Trust's Arvind Gavali College Of Engineering Panwalewadi, Varye,Satara.",Satara,http://www.agce.org/
02792,Sambhaji Raje College of Management Science,Chhatrapati Sambhajinagar,http://www.srcoms.org/
05329,"Samrat Ashok Institute of Computer Management Studies,Chalisgaon",Chalisgaon,http://www.saichalisgaon.org/
04139,"Samridhi Sarwajanik Charitable Trust, Jhulelal Institute of Technology, Nagpur",Nagpur,http://www.jitnagpur.edu.in/
05331,"Sandip Foundation's, Sandip Institute of Engineering & Management, Nashik",Nashik,http://www.siem.org/
05109,"Sandip Foundation, Sandip Institute of Technology and Research Centre, Mahiravani, Nashik",Nashik,http://www.sitrc.org/
16150,SANGAMESHWAR COLLEGE SOLAPUR,Solapur,http://www.sangameshwarcollege.org/
16216,SANGOLA MAHAVIDYALAYA SANGOLA,Sangola,http://www.sangolamahavidyalaya.org/
06315,Sanjeevan Group of Institutions,Kolhapur,http://www.sanjeevan.org.in/
02681,SANJIVANI MAHAVIDYALAYA CHAPOLI,Chapoli,http://www.sanjivanichapoli.org/
05160,"Sanjivani Rural Education Society's Sanjivani College of Engineering, Kopargaon",Kopargaon,http://www.sanjivani.org.in/
16274,SANKALP COLLEGE OF BBA AND BCA,Pune,http://www.sankalpcollege.org/
04133,"Sanmarg Shikshan Sanstha's Smt. Radhikatai Pandav College of Engineering, Nagpur",Nagpur,http://www.srpcenagpur.org/
04143,"Sanmarg Shikshan Sanstha, Mandukarrao Pandav College of Engineering, Bhandara",Bhandara,http://www.mpcebhandara.org/
05323,Sant Dnyaneshwar institute of Management and Business Administration,Pune,http://www.sdimbapune.org/
01005,"Sant Gadge Baba Amravati University,Amravati",Amravati,http://www.sgbau.ac.in/
06803,"Sant Gajanan Maharaj College of Engineering, Gadhinglaj",Gadhinglaj,http://www.sgmce.org/
04745,SANTAJI MAHAVIDYALAYA NAGPUR,Nagpur,http://www.santajimahavidyalaya.org/
05593,SANTOSH COLLEGE OF MANAGEMENT AND COMPUTER SCIENCE,Pune,http://www.santoshcollege.org/
03147,"Saraswati Education Society, Yadavrao Tasgaonkar Institute of Engineering & Technology, Karjat",Karjat,http://www.ytiet.org/
05611,SARASWATI MAHAVIDYALAY DEVGAON DEVLI,Devgaon,http://www.saraswatimahavidyalaya.org/
16175,SARDAR BABASAHEB MANE MAHAVIDYALAYA RAHIMATPUR,Rahimatpur,http://www.sbmmahavidyalaya.org/
16331,SarSam College of Management & Technology,Pune,http://www.sarsamcollege.org/
04153,"Sarvodaya Shikshan Mandal's Sardar Patel Mahavidayalaya, Dept. of Computer Studies & Research, Chandrapur",Chandrapur,http://www.spm.ac.in/
04111,"Sarvodaya Shikshan Mandal's Sau Leena Kishor Mamidvar Institute of Management Studies & Research, Chandrapur",Chandrapur,http://www.slkmimsr.org/
03358,"SAS Institute of Management Studies, Boisar Dist. Thane",Boisar,http://www.sasims.org/
03672,SASMIRA'S INSTITUTE OF COMMERCE AND SCIENCE,Mumbai,http://www.sasmira.org/
03359,"SASMIRA's Institute of Management Studies & Research, Worli, Mumbai",Mumbai,http://www.sasmira.org/
03557,SATISH PRADHAN DNYANASADHANA COLLEGE THANE,Thane,http://www.spdcthane.org/
02730,SAVITRIBAI PHULE BCA MAHAVIDYALYA BASMATNAGAR,Basmatnagar,http://www.spbcabasmatnagar.org/
16138,SAVITRIBAI PHULE MAHILA MAHAVIDYALAYA SATARA,Satara,http://www.spmmsatara.org/
05015,"Savitribai Phule Pune University Sub Centre, Nashik",Nashik,http://www.unipune.ac.in/
02033,SCHOOL OF COMMERCE AND MANAGEMENT SCIENCES,Nanded,http://www.srtmun.ac.in/
02036,SCHOOL OF COMPUTATIONAL SCIENCES,Nanded,http://www.srtmun.ac.in/
02035,SCHOOL OF MANAGEMENT SCIENCES SRTMUN SUBCENTRE LATUR,Latur,http://www.srtmun.ac.in/
03050,"School of Management Studies, Thane Sub-Campus, Mumbai University, Thane",Thane,http://www.mu.ac.in/
02004,"School of Management, Swami Ramanand Teerth Marathwada University, Sub Centre, Peth, Latur",Latur,http://www.srtmun.ac.in/
03613,SEVA SADAN COLLEGE OF ARTS SCIENCE AND COMMERCE,Mumbai,http://www.sevasadancollege.org/
05594,SHAHADA TALUKA EDUCATIONAL SOCIETY AND COOP. EDUCATIONAL SOCIETY LTD. INSTITUTE OF MANAGEMENT RESEARCH AND DEVELOPMENT SHAHADA,Shahada,http://www.stesimrd.org/
05604,SHAHADA TALUKA EDUCATIONAL SOCIETY AND COOPRETIVE EDUCATIONAL SOCIETY LTD SENIOR ARTS MAHILA MAHAVIDYALAYA SHAHADA,Shahada,http://www.stesamc.org/
06319,"Shahajirao Patil Vikas Pratishthan, S.B.Patil College of Engineering, Vangali, Tal. Indapur",Indapur,http://www.sbpatilcollege.org/
16218,SHAHID VIRPATNI LAXMI MAHAVIDYALAYA,Pune,http://www.svlmahavidyalaya.org/
04733,SHANKARLAL AGRAWAL COLLEGE OF MANAGEMENT STUDIES SURYATOLA GONDIA,Gondia,http://www.sacms.org/
01316,SHANKARLAL KHANDELWAL ARTS SCIENCE AND COMMERCE COLLEGE,Akola,http://www.skasc.org/
04614,"Shantiniketan Business School, Nagpur",Nagpur,http://www.shantiniketanbusinessschool.org/
06150,"Sharad Chandra Pawar Institute of Management, Otur, Pune",Otur,http://www.scpim.org/
16333,SHARADCHANDRA PAWAR ARTS AND COMMERCE COLLEGE,Pune,http://www.scpcollege.org/
16333,SHARADCHANDRA PAWAR ARTS AND COMMERCE COLLEGE PUNE,Pune,http://www.scpcollege.org/
05618,SHARDA COLLEGE SINNAR,Sinnar,http://www.shardacollege.org/
02679,SHARDA MAHAVIDYALAYA ARTS AND SCIENCE PARBHANI,Parbhani,http://www.shardamahavidyalaya.org/
16182,SHARDABAI PAWAR MAHILA ARTS COMMERCE AND SCIENCE COLLEGE,Pune,http://www.spmasc.org/
03443,"Sheila Raheja School of Business Management & Research, Bandra(E), Mumbai",Mumbai,http://www.srsbmr.edu.in/
06168,"Shikshan Maharshi Dr. D.Y. Patil Centre for Management & Research, Chikhali , Pune",Pune,http://www.dypcmr.edu.in/
04106,"Shikshan Prasarak Mandal's Dept. of Management Studies, Nabira Mahavidyalaya, Nagpur",Nagpur,http://www.nabiramahavidyalaya.org/
05567,SHIKSHAN PRASARAK SANSTHAS SANGAMNER NAGARPALIKA ARTS D J MALPANI COMMERCE AND B N SARDA SCIENCE COLLEGE AUTONOMOUS SANGAMNER,Sangamner,http://www.snsangamner.org/
05521,"Shikshan Prasarak Santha's MBA Institute, Sangamner",Sangamner,http://www.spsmba.org/
02684,SHIVAJI MAHAVIDYALAYA UDGIR,Udgi,http://www.shivajimahavidyalayaudgir.org/
06038,SHIVAJI UNIVERSITY KOLHAPUR,Kolhapur,http://www.unishivaji.ac.in/
02778,SHIVCHHATRAPATI COLLEGE,Pune,http://www.shivchhatrapaticollege.org/
06799,"Shivganga Charitable Trust, Sangli Vishveshwarya Technical Campus, Faculty of Diploma Engineering, Patgaon, Miraj",Miraj,http://www.svct.edu.in/
06112,"Shivnagar Vidyaprasarak Mandal's Institute of Management, Baramati",Baramati,http://www.svpmim.org/
02731,SHIVNERI MAHAVIDYALAYA PALAM,Palam,http://www.shivnerimahavidyalaya.org/
16136,SHIVRAJ COLLEGE OF ARTS COMMERCE AND D S KADAM SCIENCE COLLEGE GADHINGLAJ,Gadhinglaj,http://www.shivrajcollege.org/
16258,SHIVRATNA INSTITUTE OF MANAGEMENT STUDIES SHANKARNAGAR AKLUJ,Akluj,http://www.shivratnaims.org/
16353,"Shivsamarth Institute of Management, Talmawale",Talmawale,http://www.shivsamarthim.org/
05104,"Shramsadhana Bombay Trust, College of Engineering & Technology, Jalgaon",Jalgaon,http://www.shramsadhana.org/
06103,"Shree C. E. Society's Indira Institute of Management, Pune",Pune,http://www.indiraiim.edu.in/
06322,"Shree Gajanan Maharaj Shikshan Prasarak Manda'l Sharadchandra Pawar College of Engineering, Dumbarwadi",Pune,http://www.spcoe.org/
03157,"Shree Ghatkopar Sarvajanik Jivdaya Khatur's Aruna Manharlal Shah Institute of Management & Research, Ghatkopar",Mumbai,http://www.amsimr.org/
16305,SHREE GURUDATTA GRAMVIKAS PRATISHTHAN'S JIJAMATA SENIOR COLLEGE JATEGAON BK,Jategaon,http://www.jijamataseniorcollege.org/
03423,"Shree L.R. Tiwari College of Engineering, Mira Road, Mumbai",Mira Road,http://www.slrtce.org/
04130,"Shree Sai Shikshan Sanstha, NIT Graduate School of Management, Nagpur",Nagpur,http://www.nitgsm.edu.in/
03149,"Shree Shankar Narayan Education Trust's Rohidas Patil Institute of Management Studies, Bhayandar",Bhayandar,http://www.rpims.org/
02119,"Shree Sharda Bhavan Education Society's Institute of Technology & Management, Nanded",Nanded,http://www.ssbesitm.org/
04101,"Shree Shivaji Education Society, Dr. Panjabrao Deshmukh Institute of Management Technology & Research, Nagpur",Nagpur,http://www.pdimtr.org/
02112,"Shree Yash Pratishthan, Shreeyash College of Engineering and Technology, Aurangabad",Chhatrapati Sambhajinagar,http://www.shreeyash.org/
02696,SHREEYASH INSTITUTE OF MANAGEMENT STUDIES AND RESEARCH,Chhatrapati Sambhajinagar,http://www.shreeyashimsr.org/
02623,"Shreeyash Institute of Management Studies and Research, Aurangabad",Chhatrapati Sambhajinagar,http://www.shreeyashimsr.org/
01335,SHRI BACCHUBHAU KADU BCA MAHAVIDYALAYA JARUD,Jarud,http://www.sbkbcajarud.org/
06191,"Shri Bhairavnath Shikshan Prasarak Mandal's Adhalrao Patil Institute of Management and Research, Landewadi",Landewadi,http://www.apimr.org/
04709,"SHRI BINZANI CITY COLLEGE, NAGPUR",Nagpur,http://www.binzanicitycollege.org/
05564,SHRI CHHATRAPATI SHIVAJI MAHAVIDYALAYA SHRIGONDA DIST AHMEDNAGAR,Shrigonda,http://www.shivajimahavidyalayashrigonda.org/
03617,SHRI D D VISPUTE COLLEGE OF SCIENCE COMMERCE AND MANAGEMENT,Pune,http://www.ddvisputecollege.org/
16183,SHRI GUJARATI SEVA SAMAJ SANGLI SANCHALIT SMT CHAMPABEN BALCHAND SHAH MAHILA MAHAVIDYALAYA SANGLI,Sangli,http://www.sgssmahilamahavidyalaya.org/
01121,"Shri Hanuman Vyayam Prasarak Mandals College of Engineering & Technology, Amravati",Amravati,http://www.hvpm.org/
05017,SHRI KAKASAHEB HEERALAL MAGANLAL CHAUDHARI ARTS COMMERCE AND SCIENCE COLLEGE,Jalgaon,http://www.skhmcasc.org/
01333,SHRI KANIFNATH SCIENCE COLLEGE KARANJA KHERDA,Karanja,http://www.kanifnathsciencecollege.org/
04704,SHRI MATHURADAS MOHOTA SCIENCE OF COLLEGE NAGPUR,Nagpur,http://www.mmcollege.org/
04714,"SHRI NIKETAN ARTS COMMERCE COLLEGE, NAGPUR",Nagpur,http://www.shreeniketan.org/
16225,SHRI PRINCE SHIVAJI MARATHA BOARDING HOUSE'S THE NEW COLLEGE KOLHAPUR,Kolhapur,http://www.newcollegekolhapur.org/
16262,SHRI R K PATIL ARTS COMMERCE AND SCIENCE COLLEGE SANKH,Sankh,http://www.rkpatilcollege.org/
02259,"Shri Sai Institute of Management & Research, Aurangabad",Chhatrapati Sambhajinagar,http://www.ssimr.org/
01101,"Shri Sant Gajanan Maharaj College of Engineering,Shegaon",Shegaon,http://www.ssgmce.org/
16192,SHRI SHAHAJI CHHATRAPATI MAHAVIDYALAYA,Chhatrapati Sambhajinagar,http://www.shahajichhatrapati.org/
05589,SHRI SHETH MURLIDHARJI MANSINGKA ARTS SCIENCE AND COMMERCE COLLEGE PACHORA,Pachora,http://www.ssmmcollege.org/
16169,SHRI SHIV SHAHU MAHAVIDYALAYA SARUD,Sarud,http://www.shivshahumahavidyalaya.org/
02677,SHRI SHIVAJI COLLEGE PARBHANI,Parbhani,http://www.shivajicollegeparbhani.org/
04152,"Shri Shivaji Education Society Amravati's Science College (MCA), Nagpur",Nagpur,http://www.ssesciencenagpur.org/
01116,"Shri Shivaji Education Society's College of Engineering and Technology, Akola",Akola,http://www.ssescoet.org/
06117,"Shri Shivaji Maratha Societys Institute of Management & Research, Pune",Pune,http://www.ssmsimr.org/
01346,Shri Shivaji Science and Arts College Chikhli Dist Buldhana Maharashtra,Chikhli,http://www.sssacchikhli.org/
01324,SHRI SHIVAJI SCIENCE COLLEGE AMRAVATI,Amravati,http://www.ssscamravati.org/
05569,SHRI SHIVAJI VIDYA PRASARAK SANSTHA L.K.DR.P.R.GHOGREY SCIENCE COLLEGE DHULE,Dhule,http://www.prghogreycollege.org/
05103,"Shri Shivaji Vidya Prasarak Sanstha's Late Bapusaheb Shivaji Rao Deore College of Engineering,Dhule",Dhule,http://www.ssvpsdeore.org/
05509,"Shri Swami Samarth Institute of Management and Technology, Malwadi-Bota",Ahmednagar,http://www.sssimt.org/
01328,SHRI SWAMI VIVEKANAND COLLEGE OF SCIENCE TECHNOLOGY AND MANAGEMENT WASHIM,Washim,http://www.ssvctm.org/
02519,"Shri V. D. Deshmukh College of MCA, Kolpa Dist. Latur",Latur,http://www.svdcMCA.org/
06224,"Shri Venkateshwara shikshan Sanstha's Venkteshwara Institute of Management, Peth Naka",Peth,http://www.vimpetnaka.org/
05449,"Shri Vile Parle Kelavani Mandal's Institute of Technology, Dhule",Dhule,http://www.svkm.edu.in/
03600,SHRI VILE PARLE KELAVANI MANDAL'S USHA PRAVIN GANDHI COLLEGE OF ARTS SCIENCE AND COMMERCE,Mumbai,http://www.upgandhicollege.org/
06220,"Shri Vithal Education and Research Institute's College of Engineering, Pandharpur",Pandharpur,http://www.sveri.org/
06644,"Shri. Ambabai Talim Sanstha's Sanjay Bhokare Group of Institutes, Miraj",Miraj,http://www.sbgi.edu.in/
06217,"Shri. Balasaheb Mane Shikshan Prasarak Mandal's, Ashokrao Mane Group of Institutions",Kolhapur,http://www.amgoi.org/
05381,"Shri. Jaykumar Rawal Institute of Technology, Dondaicha.",Dondaicha,http://www.sjrit.org/
06120,"Shri. Khanderai Pratishthans Dnyansagar Institute of Management and Research, Balewadi, Pune",Pune,http://www.dimr.edu.in/
02783,"Shri. Muktanand College, Gangapur",Gangapur,http://www.muktanandcollege.org/
05679,"Shri. Nageshwar Polytechnic & Management Institute, Bhandgaon",Bhandgaon,http://www.snmp.edu.in/
02635,"Shri. Sambhaji College of Management & Technology, Degaon Road, Opp. Nadla Digras, Khadkut, Nanded",Nanded,http://www.sscmt.org/
05129,"Shri.Dattakrupa Shaikshnik & Krushi GramVikas Pratisthan's Sai Krupa Institute of Management Science, Ghargaon, Ahmednagar",Ahmednagar,http://www.saikrupaims.org/
06795,"Shri.Someshwar Shikshan Prasarak Mandal, Sharadchandra Pawar College of Engineering & Technology, Someshwar Nagar",Someshwarnagar,http://www.spcoet.org/
16201,SHRIMAN BHAUSAHEB ZADBUKE MAHAVIDYALAYA BARSHI,Barshi,http://www.sbzmahavidyalaya.org/
16171,SHRIMANT BABASAHEB DESHMUKH MAHAVIDYALAYA,Atpadi,http://www.sbdmahavidyalaya.org/
16171,SHRIMANT BABASAHEB DESHMUKH MAHAVIDYALAYA ATPADI,Atpadi,http://www.sbdmahavidyalaya.org/
06745,"Shrimat Jayshreemaladevi Naik-Nimbalkar Institute of Management Studies, Phaltan Dist-Satara",Phaltan,http://www.sjnnims.org/
03548,SHRIMATI INDIRA MAHADEV BEHARAY COLLEGE OF ARTS SHRIMAN CHANDULAL SHETH COLLEGE OF COMMERCE AND SHRIMATI SHOBHANATAI CHANDULAL SHETH COLLEGE OF SCIENCE,Mumbai,http://www.simbcollege.org/
06127,"Shrinath Shikshan Prasarak Mandal, R.M. Dhariwal Sinhgad Management School, Pune",Pune,http://www.rmdsinhgad.org/
16146,SHRIPATRAO KADAM MAHAVIDYALAYA SHIRWAL,Shirwal,http://www.skmahavidyalaya.org/
04141,"Shriram Gram Vikas Shikshan Sanstha, Vilasrao Deshmukh College of Engineering and Technology, Nagpur",Nagpur,http://www.vdcet.org/
16206,SHRIRAM INSTITUTE OF INFORMATION TECHNOLOGY PANIV,Paniv,http://www.siitpaniv.org/
06134,"Siddhant Institute Of Business Management, Pune",Pune,http://www.siddhantinstitute.org/
06240,"Siddhant Institute Of Computer Application, Sudambare",Sudambare,http://www.siddhantica.org/
02803,"Siddharth Institute of Management Science, Chh.Sambhaji Nagar",Chhatrapati Sambhajinagar,http://www.simsaurangabad.org/
16281,SIDDHI COLLEGE OF MANAGEMENT AND BUSINESS STUDIES DAPODI,Dapodi,http://www.siddhicollege.org/
01268,"Siddhivinayak Technical Campus, School of Engineering & Research Technology, Shirasgon, Nile",Nile,http://www.stc.edu.in/
"03574,03603",SIES COLLEGE OF ARTS SCIENCE AND COMMERCE,Mumbai,http://www.siesascs.edu.in/
02746,SINDHU COLLEGE OF IT AND SCIENCE DEGLOOR,Degloor,http://www.sindhucollege.org/
03043,SINDHU EDUCATION SOCIETY'S INSTITUTE OF TECHNOLOGY AND MANAGEMENT,Degloor,http://www.sindhuitm.org/
16290,SINHGAD COLLEGE OF COMMERCE,Pune,http://www.sinhgad.edu/
06177,"Sinhgad College of Engineering, Vadgaon (BK), Pune",Pune,http://www.sinhgad.edu/
16287,SINHGAD COLLEGE OF SCIENCE,Pune,http://sinhgadcollegeofscience.com
06205,"Sinhgad Institute of Business Administration and Computer Application, Lonavala",Lonavala,http://www.sinhgad.edu/
06132,"Sinhgad Institute of Business Administration and Research, Pune",Pune,http://www.sinhgad.edu/
06131,"Sinhgad Institute of Management and Computer Applications, Pune",Pune,http://www.sinhgad.edu/
06236,"Sinhgad Technical Education Society's , Sinhgad Institute of Business Administration & Research, Kondhawa-Saswad Road, Pune",Pune,http://www.sinhgad.edu/
06741,"Sinhgad Technical Education Society's S.K.N. Sinhgad School of Business Management, Ambegaon, Tal. Haveli Dist. Pune",Pune,http://www.sinhgad.edu/
16289,SINHGAD TECHNICAL EDUCATION SOCIETY'S SINHGAD COLLEGE OF ARTS AND COMMERCE,Pune,http://www.sinhgad.edu/
06231,"Sinhgad Technical Education Society's Sinhgad Institute of Management ,Vadgaon(Budruk),Pune",Pune,http://www.sinhgad.edu/
06113,"Sinhgad Technical Education Society's Sinhgad Institute of Management, Vadgaon (Budruk), Pune",Pune,http://www.sinhgad.edu/
06178,"Sinhgad Technical Education Society's Smt. Kashibai Navale College of Engineering,Vadgaon,Pune",Pune,http://www.sinhgad.edu/
06136,"Sinhgad Technical Education Society, Sinhgad Business School, Erandwane, Pune",Pune,http://www.sinhgad.edu/
06239,"Sinhgad Technical Education Society, Sinhgad Institute of Management & Computer Application, Narhe (Ambegaon), Pune",Pune,http://www.sinhgad.edu/
01114,"Sipna Shikshan Prasarak Mandal College of Engineering & Technology, Amravati",Amravati,http://www.sipnaengg.ac.in/
03419,"Sir M Visvesvaraya Institute of Management Studies & Research, Wadala, Mumbai",Mumbai,http://www.smvimsr.org/
16254,SIR PARASHURAMBHAU COLLEGE PUNE,Pune,http://www.sirparashurambhau.org/
04137,"Sir Shantilal Badjate Charitable Trust's S. B. Jain Institute of technology, Management & Research, Nagpur",Nagpur,http://www.sbjit.edu.in/
16267,SKE BCA COLLEGE,Pune,http://www.skebcacollege.org/
16272,SKYLARK FOUNDATION,Pune,http://www.skylarkfoundation.org/
05578,SMT H R PATEL ARTS MAHILA COLLEGE SHIRPUR,Shirpur,http://www.hrpatelcollege.org/
16217,SMT MATHUBAI GARWARE KANYA MAHAVIDYALYA SANGLI,Sangli,http://www.smgkanyamahavidyalaya.org/
03632,SMT MITHIBAI MOTIRAM KUNDNANI COLLEGE OF COMMERCE AND ECONOMICS,Mumbai,http://www.mithibai.ac.in/
03529,Smt Parmeshwaridevi Durgadutt Tibrewala Institute of Management and Research,Mumbai,http://www.spdtimr.org/
05571,SMT PK KOTECHA MAHILA MAHAVIDYALAYA BHUSAWAL,Bhusawal,http://www.pkkmahavidyalaya.org/
01314,SMT RADHADEVI GOENKA COLLEGE FOR WOMEN,Akola,http://www.srgcw.org/
01314,"SMT RADHADEVI GOENKA COLLEGE FOR WOMEN, AKOLA",Akola,http://www.srgcw.org/
05629,SMT SITABAI MANGILAL AGRAWAL INSTITUTE OF MANAGEMENT,Jalgaon,http://www.ssmaim.org/
16288,SMT. KASHIBAI NAVALE COLLEGE OF COMMERCE,Pune,http://www.sinhgad.edu/
04718,"SMT. KAUSHALYADEVI MAHESHWARI MAHILA MAHAVIDYALAYA, NAGPUR",Nagpur,http://www.skmmahavidyalaya.org/
01318,SMT. KESHARBAI LAHOTI MAHAVIDYALAYA,Akola,http://www.sklmahavidyalaya.org/
16209,SMT. KUSUMTAI RAJARAMBAPU PATIL KANYA MAHAVIDYALAYA,Sangli,http://www.skrpkanyamahavidyalaya.org/
03582,SMT. MANIBEN M.P. SHAH WOMENS COLLEGE OF ARTS AND COMMERCE,Mumbai,http://www.mmpshahwomenscollege.org/
03703,SMT. P. D. HINDUJA TRUST'S K. P. B. HINDUJA COLLEGE OF COMMERCE,Mumbai,http://www.kpbhindujacollege.com/
03554,SMT. P. N. DOSHI WOMEN'S COLLEGE,Mumbai,http://www.pndoshiwomenscollege.org/
02689,SMT. S.K.GANDHI ARTS AMOLAK SCINCE P.H.GANDHI COMMERCE COLLEGE KADA,Kada,http://www.skgandhicollege.org/
01322,SMT.MAHERBANU COLLEGE OF SCIENCE AND COMMERCE,Akola,http://www.maherbanucollege.org/
02713,SMT.SHAKUNTALABAI BORDIKAR BCA COLLEGE JINTUR,Jintur,http://www.ssbbca.org/
16295,SNBP COLLEGE,Pune,http://www.snbpacsms.com
16304,SNBP'S INSTITUTE OF MANAGEMENT,Pune,http://www.snbpm.edu.in/
16194,SNDT ARTS AND COMMERCE COLLEGE FOR WOMEN,Mumbai,http://sndtarts.ac.in
03049,SNDT COLLEGE OF ARTS AND SCB COLLEGE OF COMMERCE AND SCIENCE FOR WOMEN MUMBAI,Mumbai,http://www.sndt.ac.in/
04016,SNDT WOMENS UNIVERSITY MUMBAI BALLARPUR CAMPUS,Mumbai,http://www.sndt.ac.in/
05634,SNJB K K H A ARTS SMGL COMMERCE AND SPHJ SCIENCE COLLEGE CHANDWAD,Chandwad,http://www.snjb.org/
05173,"SNJB's Late Sau. Kantabai Bhavarlalji Jain College of Engineering, Chandwad",Chandwad,http://www.snjb.org/
03572,SOUTH INDIAN EDUCATION SOCIETY'S COLLEGE OF COMMERCE AND ECONOMICS,Mumbai,http://www.siesce.edu.in/
16370,SP International Institute of Management and Technology,Pune,http://www.spiimt.org/
06798,"Sri Balaji Education Society International School of Management & Research, Wadki, Pune",Pune,http://www.sbesisomr.org/
05602,SS AND SS'S VIDYADHAN COLLEGE VALWADI DHULE,Dhule,http://www.vidyadhancollege.org/
05615,SSBTS ARTS COMMERCE AND SCIENCE COLLEGE,Jalgaon,http://www.ssbtscollege.org/
16268,ST MIRA'S COLLEGE FOR GIRLS,Pune,http://www.stmirascollegepune.org/
03654,ST WILFREDS COLLEGE OF ARTS COMMERCE AND SCIENCE,Mumbai,http://www.stwilfredscollege.org/
03658,ST WILFREDS COLLEGE OF ARTS COMMERCE AND SCIENCE MIRA ROAD,Mira Road,http://www.stwilfredsmiraroad.org/
04719,"ST. FRANCIS DE SALES COLLEGE, NAGPUR",Nagpur,http://www.sfscollege.org/
03119,"St. Francis Institute of Management & Research, Mumbai",Mumbai,http://www.sfimr.org/
04174,"ST. Vincent Pallotti College of Engineering & Technology, Nagpur",Nagpur,http://www.stvpcet.org/
03539,"St. Wilfred's College of Computer Sciences, Mira Road(E)",Mira Road,http://www.stwilfredscs.org/
16303,SUBHARDRA EDUCATIONAL SOCIETY SNBP COLLEGE OF ARTS COMMERCE SCIENCE AND MANAGEMENT STUDIES,Pune,http://www.snbpacsms.com
02773,Sumanbai Bengal College of BCA,Pune,http://www.sumanbaibengalcollege.org/
05644,"Sunitatai Eknathrao Dhakane College of Management, Shevgaon",Shevgaon,http://www.sedcm.org/
02569,"Suraj Institute of Management, Beed",Beed,http://www.surajinstitute.org/
06548,"Suryadatta Educational Foundation, Suryadatta Institute of Business Management and Technology, Pune",Pune,http://www.suryadatta.org/
06547,"Suryadatta Educational Foundation, Suryadatta Institute of Management and Mass Communication, Pune",Pune,http://www.suryadatta.org/
04613,"Suryodaya College of Engineering & Technology, Nagpur",Nagpur,http://www.scetnagpur.org/
01339,SUSHGANGA INSTITUTE OF MANAGEMENT,Pune,http://www.sushganga.org/
01302,"Sushila Suryawanshi Management Institute of Technology Advancement, Rahatgaon, Amravati",Amravati,http://www.ssmita.ac.in/
06220,"SVERI's College of Engineering, Pandharpur",Pandharpur,http://www.sveri.org/
03571,SVKM'S NARSEE MONJEE COLLEGE OF COMMERCE AND ECONOMICS,Mumbai,http://www.nmcollege.in/
16253,"SVPM's COLLEGE OF COMMERCE, SCIENCE AND COMPUTER EDUCATION,MALEGAON(BK.), BARAMATI",Baramati,http://ccsce.svpm.org.in/
02003,"Swami Ramanand Teerth Marathwada University, School of Commerce & Management Science, Nanded",Nanded,http://www.srtmun.ac.in/
02007,"Swami Ramanand Teerth Marathwada Vidyapeeth, Nanded",Nanded,http://www.srtmun.ac.in/
06467,"Swami Vivekanand Institute Of Technology, Solapur",Solapur,http://www.svit.edu.in/
02734,SWAMI VIVEKANAND MAHAVIDYALAYA UDGIR,Udgi,http://www.svmudgir.org/
01321,"Swami Vivekananda College Of Management, Science and Arts, Warud.",Warud,http://www.svcmsa.org/
04181,"Swaminarayan Siddhanta Institute Of Technology, Nagpur",Nagpur,http://www.ssit.edu.in/
16329,SWARAJ COLLEGE OF ARTS COMMERCE AND SCIENCE,Pune,http://www.swarajcollege.org/
06813,"Swaraj Institute of Management, Vanvasmachi, Tal.Karad, Dist.Satara",Karad,http://www.swarajim.org/
16330,SWARGEEYA SANJIBHAI RUPJIBHAI MEMORIAL TRUST'S SSR COLLEGE OF ARTS COMMERCE AND SCIENCE,Silvassa,http://www.ssrcollege.org/
06169,"Swargeeya Sanjibhai Rupjibhai Memorial Trust, Institute of Management & Research, Silvassa",Silvassa,http://www.ssrimr.org/
04132,"Swargiya Shri Laxmanji Motghare Charitable Trust, Dr. Arun Motghare College of Management, Bhandara",Bhandara,http://www.damcm.org/
01317,SWATANTRYA SAINIK SHRI KANHAIYALALJI RAMCHANDRA INNANI MAHAVIDYALAYA KARANJA LAD,Karanja,http://www.sskrimahavidyalaya.org/
03133,"Swayamsiddhi Mitra Sangh's College of Management & Research, Thane",Thane,http://www.swayamsiddhi.org/
05585,SWODHARAK VIDYARTHI SANSTHAS DADASAHEB RAWAL COLLEGE,Pune,http://www.svsdrc.org/
03155,"SYCSPM'S Sinhgad Institute of Business Management, Chandivali, Powai, Mumbai",Mumbai,http://www.sinhgad.edu/
03002,"Sydenham Institute of Management Studies & Research & Entrepreneurship Education(SIMSREE), Mumbai",Mumbai,http://www.simsree.org/
16245,SYNERGY SCHOOL OF COMMERCE,Pune,http://www.synergyschoolofcommerce.org/
05592,SYSTEL TECHNICAL EDUCATION SOCIETYS SYSTEL INSTITUTE OF MANAGEMENT AND RESEARCH,Nashik,http://www.systelimr.org/
01334,TAKSHASHILA MAHAVIDYALAYA,Chhatrapati Sambhajinagar,http://www.takshashilamahavidyalaya.org/
06268,"Tatyasaheb Kore Institute of Engineering and Technology, Warananagar",Warananagar,http://www.tkiet.org/
04758,"Taywade College, Mahadula, Koradi, Dist. Nagpur",Nagpur,http://www.taywadecollege.org/
02670,TERNA MAHAVIDYALAYA ARTS SCIENCE AND COMMERCE DHARASHIV,Dharashiv,http://www.ternamahavidyalaya.org/
03176,"Thakur College of Engineering and Technology, Kandivali, Mumbai",Mumbai,http://www.tcetmumbai.in/
03168,"Thakur Institute of Management Studies Career Development & Research, Kandivali (E), Mumbai",Mumbai,http://www.thakurims.org/
03724,Thakur Shree DPS College of Engineering & Management,Mumbai,http://www.thakurshreedps.org/
03608,THAKUR SHYAMNARAYAN DEGREE COLLEGE,Mumbai,http://www.thakurshyamnaryan.org/
03611,THAKUR SPECIALIZED DEGREE COLLEGE,Mumbai,http://www.thakurspecialized.org/
03623,THE EAST KALYAN WELFARE SOCIETYS MODEL COLLEGE OF SCIENCE AND COMMERCE,Kalyan,http://www.mcsc.edu.in/
05579,THE KANDESH EDUCATION SOCIETYS PRATAP COLLEGE AMALNER,Amalner,http://www.pratapcollege.org/
16197,THE POONA DIOCESAN EDUCATIONAL SOCIETY'S VIDYA BHAVAN COLLEGE OF COMMERCE,Pune,http://www.vidyabhavancollege.org/
03610,TILAK EDUCATION SOCIETY J K COLLEGE OF SCIENCE AND COMMERCE AT PLOT NO.22 GHANSOLI NAVI MUMBAI,Navi Mumbai,http://www.jkcollege.edu.in/
03606,TILAK EDUCATION SOCIETY S. K. COLLEGE OF SCIENCE AND COMMERCE NERUL,Navi Mumbai,http://www.skcollege.edu.in/
03605,TILAK EDUCATION SOCIETY'S TILAK COLLEGE OF SCIENCE AND COMMERCE,Pune,http://www.tilakcollege.edu.in/
16366,Trinity College of Arts Commerce and Science,Pune,http://www.trinitycollegepune.org/
06122,"TSSMS's Pd. Vasantdada Patil Institute of Technology, Bavdhan, Pune",Pune,http://www.tssmspvp.org/
02728,TULAJABHAVANI COLLEGE OF INFORMATION TECHNOLOGY,Chhatrapati Sambhajinagar,http://www.tuljabhavani.org/
04700,"Tulaskar Institute of Science and Technology, Hinganghat, Wardha",Hinganghat,http://www.tist.edu.in/
16164,TULJARAM CHATURCHAD COLLEGE OF ARTS SCIENCE AND COMMERCE,Pune,http://www.tccollege.org/
16195,TULJARAM CHATURCHAND COLLEGE OF ARTS SCIENCE AND COMMERCE,Pune,http://www.tccollege.org/
02739,TULSI COLLEGE OF COMPUTER SCIENCE AND I T BEED,Beed,http://www.tulsicollege.org/
02739,"TULSI COMPUTER SCIENCE AND INFORMATION TECHNOLOGY COLLEGE, BEED",Beed,http://www.tulsicollege.org/
04151,"Tulsiramji Gaikwad Patil College of Engineering & Technology, Nagpur",Nagpur,http://www.tgpcet.com/
04731,"TULSIRAMJI GAIKWAD PATIL COLLEGE OF ENGINEERING AND TECHNOLOGY, NAGPUR",Nagpur,http://www.tgpcet.com/
02624,"U. D. Pathrikar Institute of Management, At.Post Pathri, Aurangabad",Chhatrapati Sambhajinagar,http://www.udpim.org/
02775,U.D.PATHRIKAR SCHOOL OF BUSINESS MANAGEMENT,Chhatrapati Sambhajinagar,http://www.udpsbm.org/
16191,UMA MAHAVIDYALAYA PANDHARPPUR,Pandharpur,http://www.umamahavidyalaya.org/
01332,"UTKARSH ART, COMMERCE AND SCIENCE COLLEGE, SINDKHED RAJA.",Sindkhed Raja,http://www.utkarshcollege.org/
02700,UTKARSH VOCATIONAL TRAINING BBA ABM COLLEGE SAGROLI.NANDED.,Nanded,http://www.utkarshcollege.org/
04157,"V. M. Vasant Commerce, J.M. Thakar Arts & J.J. Patel Science College,Nagpur",Nagpur,http://www.vmvnagpur.org/
02686,VAIDYANATH COLLEGE,Parbhani,http://www.vaidyanathcollege.org/
05597,VAMANRAO ITHAPE COLLEGE OF ENGINEERING AND MANAGEMENT,Ahmednagar,http://www.ithapeinstitutes.com
05597,VAMANRAO ITHAPE INSTITUTE OF MANAGEMENT,Ahmednagar,http://www.ithapeinstitutes.com
05365,"Vardhaman Education & Welfare Society, Ahinsa Institute of Technology, Post. Dondaicha, Dhule",Dondaicha,http://www.ahinsa.edu.in/
02750,VASANT KALE COLLEGE OF COMPUTATIONAL AND MANAGEMENT SCIENCE,Pune,http://www.sahayog.ac.in
"02668,02688",VASANTRAO NAIK MAHAVIDYALAYA,Latur,http://www.vnmlatur.org/
03012,"Veermata Jijabai Technological Institute(VJTI), Matunga, Mumbai",Mumbai,http://www.vjti.ac.in/
01102,"Vidya Bharati Mahavidyalaya Department of Research and PG Studies in Science & Management, Amravati",Amravati,http://www.vbmv.org/
01326,VIDYA BHAVAN COLLEGE OF MANAGEMENT AND RESEARCH,Yavatmal,http://www.vbcmr.org/
01326,"VIDYA BHAVAN COLLEGE OF MANAGEMENT AND RESEARCH, YAVATMAL",Yavatmal,http://www.vbcmr.org/
05665,Vidya Niketan Institute of Management And Computer Applications,Ahmednagar,http://www.vnim.in
06137,"Vidya Pratishthan Institute of Information Technology, Baramati, Pune",Baramati,http://www.vpiit.org/
16257,VIDYA PRATISHTHAN SUPE ARTS SCIENCE AND COMMERCE COLLEGE,Baramati,http://www.vpsupe.org/
16265,VIDYA PRATISHTHAN'S COMMERCE AND SCIENCE COLLEGE INDAPUR,Indapur,http://www.vpcscindapur.org/
04110,"Vidya Shikhan Prasarak Mandal's Central institute of Business Management Research & Development, Nagpur",Nagpur,http://www.cibmrd.org/
06321,"Vidya Vikas Pratishthan Institute of Engineering and Technology, Solapur",Solapur,http://www.vvpit.org/
05559,VIDYABHARTI SHAIKSHANIK MANDAL AMARAVATI'S SANT MUKTABAI ARTS COMMERCE AND SCIENCE COLLEGE,Amravati,http://www.smasc.org/
03139,"Vidyalankar Institute of Technology,Wadala, Mumbai",Mumbai,http://www.vit.edu.in/
03639,VIDYALANKAR SCHOOL OF INFORMATION TECHNOLOGY,Mumbai,http://www.vsit.edu.in/
03194,"Vidyavardhini's College of Engineering and Technology, Vasai",Vasai,http://www.vcet.edu.in/
03217,"Vighnaharata Trust's Shivajirao S. Jondhale College of Engineering & Technology, Shahapur, Asangaon, Dist Thane",Shahapur,http://www.ssjcoe.org/
03699,VINAYAK GANESH VAZE COLLEGE OF ARTS SCIENCE AND COMMERCE,Mumbai,http://www.vgvaze.edu.in/
02780,"Vinayakrao Patil Mahavidyalaya, Vaijapur",Vaijapur,http://www.vpmvaijapur.org/
03221,"Vishnu Waman Thakur Charitable Trust's VIVA Institute of Technology, Virar",Virar,http://www.viva-technology.org/
05616,VISHWABHARATI ACADEMY'S COLLEGE OF COMPUTER SCIENCE AND MANAGEMENT,Ahmednagar,http://vacom.com
02749,VISHWABHARTI MAHAVIDYALAYA NANDED,Nanded,http://www.vishwabhartimahavidyalaya.org/
16300,VISHWAKARMA COLLEGE OF ARTS COMMERCE AND SCIENCE,Pune,http://www.vishwakarmacollege.org/
06650,"Vishwakarma Dadasaheb Chavan Institute of Management and Research, Malwadi",Malwadi,http://www.vdcimr.org/
05637,VISHWALATA ARTS COMMERCE AND SCIENCE COLLEGE,Pune,http://www.vishwalata.com
03151,"Vishweshwar Education Society's Indira Institute of Business Management, Navi Mumbai",Navi Mumbai,http://www.iibm.edu.in/
02782,Vishweshwarayya Institute of Management and Technology,Pune,http://www.vimt.org/
01130,"Vision Buldhana Educational & Welfare Society's Pankaj Laddhad Institute of Technology & Management Studies, Yelgaon",Buldhana,http://www.plitms.edu.in/
03161,Viva Institute of Management and Research,Virar,http://www.viva-technology.org/
16125,"Vivekanand College, Kolhapur",Kolhapur,http://www.vivekanandcollegekolhapur.org/
03644,VIVEKANAND EDUCATION SOCIETY COLLEGE OF ARTS SCIENCE AND COMMERCE,Mumbai,http://www.vesasc.edu.in/
03110,"Vivekanand Education Society's Institute of Management Studies & Research, Mumbai",Mumbai,http://www.vesimsr.org/
03185,"Vivekanand Education Society's Institute of Technology, Chembur, Mumbai",Mumbai,http://www.vesit.edu/
03130,"VPM's Dr. V.N. Bedekar Institute Of Management Studies, Mumbai",Mumbai,http://www.vpmbedekar.org/
03561,VPMS K G JOSHI COLLEGE OF ARTS AND N G BEDEKAR COLLEGE OF COMMERCE AUTONOMOUS,Mumbai,http://www.vpmkgjoshi.org/
16241,VPS COLLEGE OF ARTS SCIENCE AND COMMERCE,Lonavala,http://www.vpscollege.org/
05687,Vrindavan Institute of Management,Mathura,http://www.vimvrindavan.org/
02705,VSS COLLEGE,Jalna,http://www.vsscollegejalna.org/
02625,"VSS Dr.Shivaji Madan Institute of Management, Jalna",Jalna,http://www.vssdsmim.org/
05605,W.K.B.S. MANDAL'S ARTS AND COMMERCE COLLEGE FOR WOMEN DEOPUR DHULE,Dhule,http://www.wkbscollege.org/
16234,WAGHIRE COLLEGE OF ARTS COMMERCE AND SCIENCE,Pune,http://www.waghirecollege.org/
04145,"Wainganga College of Engineering and Management, Dongargaon, Nagpur",Nagpur,http://www.wcem.edu.in/
06007,"Walchand College of Engineering, Sangli",Sangli,http://www.walchandsangli.ac.in/
16176,WARANA MAHAVIDYALAYA,Sangli,http://www.waranamahavidyalaya.org/
05153,"West Khandesh Bhagini Seva Mandal's Dr. Suryakanta R. Ajmera M.C.A. College for Women, Dhule",Dhule,http://www.srdajmeramca.org/
16369,"Western Business School of Management, Pune",Pune,http://www.wbsm.org/
03671,WILSON COLLEGE AUTONOMOUS,Mumbai,http://www.wilsoncollege.edu/
03730,"Y & M AKI's College of Arts, Science and Commerce, Oshiwara, Andheri",Mumbai,http://www.ymaki.org/
03729,"Y & M AKI's Womens College of Arts, science and Commerce, Thane",Thane,http://www.ymaki.org/
06775,"Yashaswi Education Society's International Institute of Management Science, Chinchwad, Pune",Pune,http://www.iims.ac.in/
06757,"Yashoda Technical Campus, Wadhe, Satara.",Satara,http://www.yashodatechnicalcampus.org/
02633,"Yashodeep Institute of Computer Application, MCA",Chhatrapati Sambhajinagar,http://www.yashodeep.org/
02633,YASHODEEP KNOWLEDGE HUB,Chhatrapati Sambhajinagar,http://www.yashodeep.org/
16228,YASHWANTRAO CHAVAN MAHAVIDHYALAYA HALKARNI,Kolhapur,http://www.ycmhalkarni.org/
16142,YASHWANTRAO CHAVAN MAHAVIDYALAYA PACHWAD,Satara,http://www.ycmpachwad.org/
16200,"YASHWANTRAO CHAVAN MAHAVIDYALAYA, ISLAMPUR",Sangli,http://www.ycmisalmpur.org/
06029,"Yashwantrao Chavan School of Rural Development, Kolhapur",Kolhapur,http://www.ycsrd.org/
16155,YASHWANTRAO CHAVAN WARANA MAHAVIDYALAYA,Kolhapur,http://www.ycwm.org/
04167,"Yeshwantrao Chavan College of Engineering,Wanadongri, Nagpur",Nagpur,http://www.ycce.edu/
02685,YOGESHWARI MAHAVIDYALAYA,Beed,http://www.yogeshwarimahavidyalaya.org/
04107,"Yugantar Education Society's Tirpude Institute of Management Education, Nagpur",Nagpur,http://www.timse.edu.in/
02748,YUVAK PRATISHTHANS MIT COLLEGE OF COMPUTER SCI AND IT VASMAT,Hingoli,http://www.mitvasmat.org/
16210,ZADBUKE MAHAVIDYALAYA KARMALA,Solapur,http://www.zmkaramala.org/
03118,"Zagdu Singh Chartitable Trust's Thakur Institute of Management Studies & Research, Mumbai",Mumbai,http://www.thakurims.org/
06298,"Zeal Education Society's Zeal College of Engineering & Reserch, Narhe, Pune",Pune,http://www.zealeducation.com/
06152,"Zeal Education Society's Zeal Institute of Business Administration, Computer Application and Research, Pune",Pune,http://www.zealeducation.com/
06195,"Zeal Education Society's, Zeal Institute of Management and Computer Application, Nahre, Pune",Pune,http://www.zealeducation.com/
16358,Zeal Institute of Technology,Pune,http://www.zealeducation.com/
05554,ZULAL BHILAJIRAO PATIL COLLEGE,Dhule,http://www.zbpatil.edu.in/
